Date,Lifetime Total Likes,Daily New Likes,Daily Unlikes,Daily Page Engaged Users,Weekly Page Engaged Users,28 Days Page Engaged Users,Daily Like Sources - api,Daily Like Sources - external_connect,Daily Like Sources - favorites,Daily Like Sources - feed_chaining,Daily Like Sources - feed_pyml,Daily Like Sources - feed_story,Daily Like Sources - hovercard,Daily Like Sources - invitations,Daily Like Sources - mobile,Daily Like Sources - mobile_page_browser,Daily Like Sources - mobile_page_suggestions_on_liking,Daily Like Sources - page_browser,Daily Like Sources - page_profile,Daily Like Sources - reminder_box_recommendation,Daily Like Sources - search,Daily Like Sources - sponsored_story,Daily Like Sources - timeline,Daily Like Sources - timeline_collection,Daily Like Sources - timeline_like_chaining,Daily Total Reach,Weekly Total Reach,28 Days Total Reach,Daily Organic Reach,Weekly Organic Reach,28 Days Organic Reach,Daily Paid Reach,Weekly Paid Reach,28 Days Paid Reach,Daily Total Impressions,Weekly Total Impressions,28 Days Total Impressions,Daily Organic impressions,Weekly Organic impressions,28 Days Organic impressions,Daily Paid Impressions,Weekly Paid Impressions,28 Days Paid Impressions,Daily Logged-in Page Views,Weekly Logged-in Page Views,Daily Logged-in Page Views,Weekly Logged-in Page Views,Daily Reach of page posts,Weekly Reach of page posts,28 Days Reach of page posts,Daily Organic Reach of Page posts,Weekly Organic Reach of Page posts,28 Days Organic Reach of Page posts,Daily Paid Reach of Page posts,Weekly Paid Reach of Page posts,28 Days Paid Reach of Page posts,Daily Total Impressions of your posts,Weekly Total Impressions of your posts,28 Days Total Impressions of your posts,Daily Organic impressions of your posts,Weekly Organic impressions of your posts,28 Days Organic impressions of your posts,Daily Paid impressions of your posts,Weekly Paid impressions of your posts,28 Days Paid impressions of your posts,Daily Total frequency distribution - 1,Daily Total frequency distribution - 2,Daily Total frequency distribution - 3,Daily Total frequency distribution - 4,Daily Total frequency distribution - 5,Daily Total frequency distribution - 6-10,Daily Total frequency distribution - 11-20,Daily Total frequency distribution - 21+,Weekly Total frequency distribution - 1,Weekly Total frequency distribution - 2,Weekly Total frequency distribution - 3,Weekly Total frequency distribution - 4,Weekly Total frequency distribution - 5,Weekly Total frequency distribution - 6-10,Weekly Total frequency distribution - 11-20,Weekly Total frequency distribution - 21+,28 Days Total frequency distribution - 1,28 Days Total frequency distribution - 2,28 Days Total frequency distribution - 3,28 Days Total frequency distribution - 4,28 Days Total frequency distribution - 5,28 Days Total frequency distribution - 6-10,28 Days Total frequency distribution - 11-20,28 Days Total frequency distribution - 21+,Daily Page posts frequency distribution - 1,Daily Page posts frequency distribution - 2,Daily Page posts frequency distribution - 3,Daily Page posts frequency distribution - 4,Daily Page posts frequency distribution - 5,Daily Page posts frequency distribution - 6-10,Daily Page posts frequency distribution - 11-20,Daily Page posts frequency distribution - 21+,Weekly Page posts frequency distribution - 1,Weekly Page posts frequency distribution - 2,Weekly Page posts frequency distribution - 3,Weekly Page posts frequency distribution - 4,Weekly Page posts frequency distribution - 5,Weekly Page posts frequency distribution - 6-10,Weekly Page posts frequency distribution - 11-20,Weekly Page posts frequency distribution - 21+,28 Days Page posts frequency distribution - 1,28 Days Page posts frequency distribution - 2,28 Days Page posts frequency distribution - 3,28 Days Page posts frequency distribution - 4,28 Days Page posts frequency distribution - 5,28 Days Page posts frequency distribution - 6-10,28 Days Page posts frequency distribution - 11-20,28 Days Page posts frequency distribution - 21+,Daily Talking About This by story type - checkin,Daily Talking About This by story type - fan,Daily Talking About This by story type - mention,Daily Talking About This by story type - other,Daily Talking About This by story type - page post,Weekly Talking About This by story type - checkin,Weekly Talking About This by story type - fan,Weekly Talking About This by story type - mention,Weekly Talking About This by story type - other,Weekly Talking About This by story type - page post,28 Days Talking About This by story type - checkin,28 Days Talking About This by story type - fan,28 Days Talking About This by story type - mention,28 Days Talking About This by story type - other,28 Days Talking About This by story type - page post,28 Days Talking About This by story type - user post,Daily Page Stories by story type - checkin,Daily Page Stories by story type - fan,Daily Page Stories by story type - mention,Daily Page Stories by story type - other,Daily Page Stories by story type - page post,Weekly Page Stories by story type - checkin,Weekly Page Stories by story type - fan,Weekly Page Stories by story type - mention,Weekly Page Stories by story type - other,Weekly Page Stories by story type - page post,28 Days Page Stories by story type - checkin,28 Days Page Stories by story type - fan,28 Days Page Stories by story type - mention,28 Days Page Stories by story type - other,28 Days Page Stories by story type - page post,28 Days Page Stories by story type - user post,Daily Total Consumers,Weekly Total Consumers,28 Days Total Consumers,Daily Page consumptions,Weekly Page consumptions,28 Days Page consumptions,Daily People who interacted with your Page content by content type - link clicks,Daily People who interacted with your Page content by content type - other clicks,Daily People who interacted with your Page content by content type - photo view,Daily People who interacted with your Page content by content type - video play,Weekly People who interacted with your Page content by content type - link clicks,Weekly People who interacted with your Page content by content type - other clicks,Weekly People who interacted with your Page content by content type - photo view,Weekly People who interacted with your Page content by content type - video play,28 Days People who interacted with your Page content by content type - link clicks,28 Days People who interacted with your Page content by content type - other clicks,28 Days People who interacted with your Page content by content type - photo view,28 Days People who interacted with your Page content by content type - video play,Daily Page consumptions by type - link clicks,Daily Page consumptions by type - other clicks,Daily Page consumptions by type - photo view,Daily Page consumptions by type - video play,Weekly Page consumptions by type - link clicks,Weekly Page consumptions by type - other clicks,Weekly Page consumptions by type - photo view,Weekly Page consumptions by type - video play,28 Days Page consumptions by type - link clicks,28 Days Page consumptions by type - other clicks,28 Days Page consumptions by type - photo view,28 Days Page consumptions by type - video play,Lifetime Likes by Gender and Age - F.13-17,Lifetime Likes by Gender and Age - F.18-24,Lifetime Likes by Gender and Age - F.25-34,Lifetime Likes by Gender and Age - F.35-44,Lifetime Likes by Gender and Age - F.45-54,Lifetime Likes by Gender and Age - F.55-64,Lifetime Likes by Gender and Age - F.65+,Lifetime Likes by Gender and Age - M.13-17,Lifetime Likes by Gender and Age - M.18-24,Lifetime Likes by Gender and Age - M.25-34,Lifetime Likes by Gender and Age - M.35-44,Lifetime Likes by Gender and Age - M.45-54,Lifetime Likes by Gender and Age - M.55-64,Lifetime Likes by Gender and Age - M.65+,Lifetime Likes by Gender and Age - U.13-17,Lifetime Likes by Gender and Age - U.18-24,Lifetime Likes by Gender and Age - U.25-34,Lifetime Likes by Gender and Age - U.35-44,Lifetime Likes by Gender and Age - U.45-54,Lifetime Likes by Gender and Age - U.55-64,Lifetime Likes by Gender and Age - U.65+,Weekly Reach Demographics - F.13-17,Weekly Reach Demographics - F.18-24,Weekly Reach Demographics - F.25-34,Weekly Reach Demographics - F.35-44,Weekly Reach Demographics - F.45-54,Weekly Reach Demographics - F.55-64,Weekly Reach Demographics - F.65+,Weekly Reach Demographics - M.13-17,Weekly Reach Demographics - M.18-24,Weekly Reach Demographics - M.25-34,Weekly Reach Demographics - M.35-44,Weekly Reach Demographics - M.45-54,Weekly Reach Demographics - M.55-64,Weekly Reach Demographics - M.65+,Weekly Reach Demographics - U.13-17,Weekly Reach Demographics - U.18-24,Weekly Reach Demographics - U.25-34,Weekly Reach Demographics - U.35-44,Weekly Reach Demographics - U.45-54,Weekly Reach Demographics - U.55-64,Weekly Reach Demographics - U.65+,Daily Demographics: People Talking About This - F.13-17,Daily Demographics: People Talking About This - F.18-24,Daily Demographics: People Talking About This - F.25-34,Daily Demographics: People Talking About This - F.35-44,Daily Demographics: People Talking About This - F.45-54,Daily Demographics: People Talking About This - F.55-64,Daily Demographics: People Talking About This - F.65+,Daily Demographics: People Talking About This - M.13-17,Daily Demographics: People Talking About This - M.18-24,Daily Demographics: People Talking About This - M.25-34,Daily Demographics: People Talking About This - M.35-44,Daily Demographics: People Talking About This - M.45-54,Daily Demographics: People Talking About This - M.55-64,Daily Demographics: People Talking About This - M.65+,Daily Demographics: People Talking About This - U.13-17,Daily Demographics: People Talking About This - U.25-34,Daily Demographics: People Talking About This - U.35-44,Daily Demographics: People Talking About This - U.45-54,Daily Demographics: People Talking About This - U.55-64,Daily Demographics: People Talking About This - U.65+,Weekly Demographics: People Talking About This - F.13-17,Weekly Demographics: People Talking About This - F.18-24,Weekly Demographics: People Talking About This - F.25-34,Weekly Demographics: People Talking About This - F.35-44,Weekly Demographics: People Talking About This - F.45-54,Weekly Demographics: People Talking About This - F.55-64,Weekly Demographics: People Talking About This - F.65+,Weekly Demographics: People Talking About This - M.13-17,Weekly Demographics: People Talking About This - M.18-24,Weekly Demographics: People Talking About This - M.25-34,Weekly Demographics: People Talking About This - M.35-44,Weekly Demographics: People Talking About This - M.45-54,Weekly Demographics: People Talking About This - M.55-64,Weekly Demographics: People Talking About This - M.65+,Weekly Demographics: People Talking About This - U.13-17,Weekly Demographics: People Talking About This - U.25-34,Weekly Demographics: People Talking About This - U.35-44,Weekly Demographics: People Talking About This - U.45-54,Weekly Demographics: People Talking About This - U.55-64,Weekly Demographics: People Talking About This - U.65+,28 Days Demographics: People Talking About This - F.13-17,28 Days Demographics: People Talking About This - F.18-24,28 Days Demographics: People Talking About This - F.25-34,28 Days Demographics: People Talking About This - F.35-44,28 Days Demographics: People Talking About This - F.45-54,28 Days Demographics: People Talking About This - F.55-64,28 Days Demographics: People Talking About This - F.65+,28 Days Demographics: People Talking About This - M.13-17,28 Days Demographics: People Talking About This - M.18-24,28 Days Demographics: People Talking About This - M.25-34,28 Days Demographics: People Talking About This - M.35-44,28 Days Demographics: People Talking About This - M.45-54,28 Days Demographics: People Talking About This - M.55-64,28 Days Demographics: People Talking About This - M.65+,28 Days Demographics: People Talking About This - U.13-17,28 Days Demographics: People Talking About This - U.25-34,28 Days Demographics: People Talking About This - U.35-44,28 Days Demographics: People Talking About This - U.45-54,28 Days Demographics: People Talking About This - U.55-64,28 Days Demographics: People Talking About This - U.65+,Daily Logged-in Tab Views - app_166918553356673,Daily Logged-in Tab Views - events,Daily Logged-in Tab Views - info,Daily Logged-in Tab Views - likes,Daily Logged-in Tab Views - photos,Daily Logged-in Tab Views - profile,Daily Logged-in Tab Views - profile_home,Daily Logged-in Tab Views - profile_info,Daily Logged-in Tab Views - profile_photos,Daily Logged-in Tab Views - timeline,Daily External Referrers - /HireHeroesUSA/,Daily External Referrers - /HireHeroesUSA/photos/a.405214218120.173032.21444503120/10153381823743121/?type=3&amp;refid=17&amp;_ft_=top_level_post_id.10153381823743121%3Atl_objid.10153381823743121,Daily External Referrers - /HireHeroesUSA/photos/a.441176783120.229585.21444503120/10150698798138121/?type=3&amp;source=45&amp;refid=17,Daily External Referrers - /HireHeroesUSA/photos/pb.21444503120.-2207520000.1451065941./10153095533443121/?type=3&amp;source=42,Daily External Referrers - /HireHeroesUSA/photos/pb.21444503120.-2207520000.1451065941./10153373534313121/?type=3&amp;source=42,Daily External Referrers - /home.php?refid=7,Daily External Referrers - /photo.php?fbid=10153381692303121&amp;id=21444503120&amp;set=pcb.10153381694768121&amp;source=48&amp;refid=13&amp;_ft_=top_level_post_id.10153381694768121%3Atl_objid.10153381694768121,Daily External Referrers - bing.com,Daily External Referrers - estrindev2.info,Daily External Referrers - google.com,Daily External Referrers - hireheroesusa.org,Daily External Referrers - http://jobs.hireheroesusa.org/,Daily External Referrers - http://shop.hireheroesusa.org/,Daily External Referrers - http://www.giftfluence.com/projects/hire-heros-usa/,Daily External Referrers - http://www.hireheroesusa.org/,Daily External Referrers - http://www.prweb.com/releases/hireheroesusa/Dec2015/prweb13136935.htm,Daily External Referrers - https://www.bing.com/,Daily External Referrers - https://www.google.co.uk/,Daily External Referrers - https://www.google.com/,Daily External Referrers - https://www.hireheroesusa.org/,Daily External Referrers - https://www.hireheroesusa.org/aol-launches-qmilitary-families-weekq/,Daily External Referrers - https://www.uso.org/,Daily External Referrers - jobs.hireheroesusa.org,Daily External Referrers - unknown,Daily Negative feedback,Weekly Negative feedback,28 Days Negative feedback,Daily Negative Feedback from Users,Weekly Negative Feedback from Users,28 Days Negative Feedback from Users,Daily Negative feedback by type - hide_all_clicks,Daily Negative feedback by type - hide_clicks,Weekly Negative feedback by type - hide_all_clicks,Weekly Negative feedback by type - hide_clicks,28 Days Negative feedback by type - hide_all_clicks,28 Days Negative feedback by type - hide_clicks,Daily Negative Feedback from Users - hide_all_clicks,Daily Negative Feedback from Users - hide_clicks,Weekly Negative Feedback from Users - hide_all_clicks,Weekly Negative Feedback from Users - hide_clicks,28 Days Negative Feedback from Users - hide_all_clicks,28 Days Negative Feedback from Users - hide_clicks,Daily Check-ins by Gender and Age - F.18-24,Daily Check-ins by Gender and Age - F.35-44,Daily Check-ins by Gender and Age - M.45-54,Daily Check-ins by Country - US,"Daily Check-ins by City - Auburn, WA","Daily Check-ins by City - Johns Creek, GA","Daily Check-ins by City - Woodstock, GA",Daily Check-ins by Locale - en_US,Daily Total check-ins,Weekly Total check-ins,28 Days Total check-ins,Daily Total check-ins,Weekly Total check-ins,28 Days Total check-ins,Daily Positive Feedback from Users - comment,Daily Positive Feedback from Users - like,Daily Positive Feedback from Users - link,Weekly Positive Feedback from Users - comment,Weekly Positive Feedback from Users - like,Weekly Positive Feedback from Users - link,28 Days Positive Feedback from Users - comment,28 Days Positive Feedback from Users - like,28 Days Positive Feedback from Users - link,Daily Positive Feedback from Users - comment,Daily Positive Feedback from Users - like,Daily Positive Feedback from Users - link,Weekly Positive Feedback from Users - comment,Weekly Positive Feedback from Users - like,Weekly Positive Feedback from Users - link,28 Days Positive Feedback from Users - comment,28 Days Positive Feedback from Users - like,28 Days Positive Feedback from Users - link,Daily Liked and online - 0,Daily Liked and online - 1,Daily Liked and online - 2,Daily Liked and online - 3,Daily Liked and online - 4,Daily Liked and online - 5,Daily Liked and online - 6,Daily Liked and online - 7,Daily Liked and online - 8,Daily Liked and online - 9,Daily Liked and online - 10,Daily Liked and online - 11,Daily Liked and online - 12,Daily Liked and online - 13,Daily Liked and online - 14,Daily Liked and online - 15,Daily Liked and online - 16,Daily Liked and online - 17,Daily Liked and online - 18,Daily Liked and online - 19,Daily Liked and online - 20,Daily Liked and online - 21,Daily Liked and online - 22,Daily Liked and online - 23,Daily Daily count of fans online,Daily Total Video Views,Weekly Total Video Views,28 Days Total Video Views,Daily Total organic video views,Weekly Total organic video views,28 Days Total organic video views,28 Days Total promoted video views,Daily Total autoplayed video views,Weekly Total autoplayed video views,28 Days Total autoplayed video views,Daily Total video views after clicking,Weekly Total video views after clicking,28 Days Total video views after clicking,Daily Total Unique Video Views,Weekly Total Unique Video Views,28 Days Total Unique Video Views,Daily Total 30-Second Views,Weekly Total 30-Second Views,28 Days Total 30-Second Views,Daily Total organic video views for 30s or to the end,Weekly Total organic video views for 30s or to the end,28 Days Total organic video views for 30s or to the end,28 Days Paid 30-Second Views,Daily Auto-Played 30-Second Views,Weekly Auto-Played 30-Second Views,28 Days Auto-Played 30-Second Views,Daily Video views for 30s or to the end after clicking,Weekly Video views for 30s or to the end after clicking,28 Days Video views for 30s or to the end after clicking,Daily Total Unique 30-Second Views,Weekly Total Unique 30-Second Views,28 Days Total Unique 30-Second Views,Daily People Talking About This,Weekly People Talking About This,28 Days People Talking About This
12/1/2015,30754,30,4,460,1410,11031,,,,17,1,,,,1,,1,,4,,,,,,3,4935,16678,118884,4935,16238,60716,0,440,58168,17668,60685,440094,17668,60242,352331,0,443,87763,34,94,21,64,4924,16037,63038,4924,16037,61834,0,0,1204,17608,59993,347596,17608,59993,346261,0,0,1335,2274,875,412,280,176,421,263,119,8194,2836,1492,904,640,1421,779,417,69740,20373,8898,4642,2722,5242,3475,3539,2270,874,411,287,171,422,261,117,7723,2829,1488,917,628,1429,778,406,31079,10694,5096,3055,1865,4641,3132,3420,0,0,3,362,100,0,0,4,1129,271,4,6653,9,6,3465,9,0,0,3,562,179,0,0,4,1970,475,4,6704,9,7,9928,17,126,418,3047,246,691,6947,24,65,50,0,41,285,139,0,387,2251,846,11,37,84,125,0,55,383,253,0,504,3722,2709,12,131,553,1828,2050,2298,2915,4053,426,2070,3545,3120,2539,2343,2717,,5,35,48,23,29,26,38,356,1642,1639,1446,1629,2046,67,509,1872,1696,1239,1116,1201,,4,24,22,15,16,18,,3,15,19,32,62,118,2,2,9,15,19,37,48,,,,,,,3,14,45,59,119,195,347,5,21,63,53,85,128,179,,,,1,2,3,8,127,346,451,771,1366,2148,19,223,407,505,664,924,1121,,3,3,4,12,11,,,,,1,3,,1,2,18,,,,,,,,,,5,1,,,,,,,,,,,,,,11,40,169,20,58,363,5,6,18,22,85,101,5,15,18,40,91,272,,,,,,,,,0,0,4,0,0,4,6,362,100,21,1127,271,108,3321,625,6,556,151,28,1942,439,153,8455,1188,3542,3364,3850,5180,6838,8364,9468,10082,10548,10978,10764,10618,10808,11054,11092,11478,11830,12162,11928,11330,10034,7856,5878,4572,28134,0,1,,0,1,0,,0,1,,0,0,0,0,1,,0,0,,0,0,0,,0,0,,0,0,0,0,0,,383,1191,9284
12/2/2015,30793,42,3,177,1382,10727,,1,,32,,,,,,,,,3,,,1,,,3,2577,16240,115507,2577,16240,60613,0,0,54894,6670,61993,438233,6670,61993,356162,0,0,82071,32,104,13,65,2398,15949,61979,2398,15949,61970,0,0,9,6279,61408,350512,6279,61408,350503,0,0,9,1409,490,224,131,80,147,68,17,7776,2864,1499,897,622,1371,780,470,67474,19824,8711,4508,2619,5194,3469,3572,1276,454,210,127,73,146,65,15,7611,2826,1481,905,606,1373,781,458,30059,10612,5138,3058,1873,4649,3135,3465,1,0,0,145,39,1,0,4,1110,273,4,6329,9,6,3497,9,2,0,0,231,62,2,0,4,1990,510,5,6379,9,7,10180,17,39,420,2998,47,688,6862,2,24,12,1,43,278,147,1,366,2226,852,12,2,30,14,1,57,375,255,1,481,3700,2668,13,131,550,1828,2052,2298,2920,4059,420,2075,3548,3130,2541,2352,2723,,4,35,48,23,29,27,41,343,1616,1667,1375,1569,2015,68,478,1816,1656,1179,1076,1190,,3,22,24,13,15,19,,1,4,8,17,20,58,,2,11,11,13,20,19,,,,,,1,2,12,41,55,115,182,347,3,18,64,54,84,128,170,,,,1,2,3,8,125,339,441,758,1320,2077,19,215,405,491,647,893,1082,,3,3,4,12,12,,,1,,,3,,1,,10,,,,,,,,,2,,1,,,,,,,,,,,,,,6,40,169,9,62,368,2,4,18,22,86,100,2,7,18,44,92,276,,1,,1,1,,,1,2,2,5,1,1,4,4,142,39,22,1105,273,109,3354,635,4,226,60,29,1960,474,154,8655,1236,3446,3256,3758,5216,6734,8372,9384,10002,10582,10822,10880,10712,11126,11310,11570,11686,11806,12152,12222,11784,10232,8216,6232,4790,28218,1,2,,1,2,0,,0,1,,1,1,0,1,2,,0,0,,0,0,0,,0,0,,0,0,0,0,0,,151,1166,9036
12/3/2015,30813,25,5,209,1242,10439,1,,,17,,,2,,,,,,4,,,,,,1,3510,15443,112189,3510,15443,59369,0,0,52820,7588,61912,422455,7588,61912,344686,0,0,77769,17,118,10,73,3235,14992,60723,3235,14992,60723,0,0,0,7051,60821,338887,7051,60821,338887,0,0,0,2028,747,336,197,97,107,38,14,7067,2677,1358,862,577,1293,803,508,65812,19182,8330,4299,2546,4984,3402,3463,1900,666,308,181,91,107,36,12,6925,2593,1306,844,547,1284,799,496,29580,10372,4970,2970,1834,4524,3074,3365,1,6,0,161,39,1,6,3,943,259,4,6030,7,8,3501,9,2,6,0,187,52,4,6,3,1819,510,7,6078,7,10,10169,17,49,424,2937,82,712,6704,3,28,22,1,47,265,156,2,342,2174,852,10,3,37,41,1,59,369,282,2,445,3588,2660,11,131,552,1831,2050,2298,2922,4059,420,2077,3551,3129,2543,2356,2727,,5,35,48,23,29,27,38,313,1504,1565,1233,1428,1806,64,458,1763,1612,1082,1006,1087,,2,17,24,11,13,17,,2,11,5,12,17,48,1,4,9,7,14,21,30,,,,,,1,1,10,43,44,97,151,304,4,15,53,49,72,114,151,,,,,1,4,8,121,338,425,731,1263,2028,20,213,400,481,624,861,1050,,3,3,4,12,12,,,,,,3,,,1,7,,,,,,,,,,,1,,,,,,,,,,,,5,,3,36,163,3,59,351,1,2,17,19,82,96,1,2,17,42,88,263,,1,,1,1,,,1,2,4,7,1,1,4,3,158,39,21,939,259,110,3357,638,3,181,50,28,1787,472,155,8637,1242,3540,3352,3900,5268,7054,8524,9524,10336,10888,11108,11046,10930,11092,11386,11398,11608,11866,12296,12234,11666,10156,8084,6294,4732,28372,0,2,,0,2,0,,0,1,,0,1,0,0,2,,0,0,,0,0,0,,0,0,,0,0,0,0,0,,175,1001,8788
12/4/2015,30831,22,5,156,1182,10128,,,,17,,,,,,1,,,1,,1,,,,1,2491,14269,108138,2491,14269,57507,0,0,50631,4574,56281,409316,4574,56281,335735,0,0,73581,13,125,6,72,2344,13764,58595,2344,13764,58595,0,0,0,4326,54966,330025,4326,54966,330025,0,0,0,1592,447,203,102,45,64,14,7,6644,2530,1280,822,525,1088,718,462,63576,18507,7960,4067,2429,4819,3313,3396,1502,424,192,102,42,62,11,7,6476,2428,1216,804,489,1077,708,452,28581,10029,4845,2895,1755,4420,3013,3298,0,23,0,105,25,1,29,3,883,235,4,5763,6,8,3465,9,0,24,0,120,32,4,30,3,1671,460,7,5811,6,10,10106,17,41,400,2877,59,673,6546,3,28,13,0,48,244,147,2,324,2131,843,10,3,40,16,0,60,342,269,2,419,3505,2611,11,131,552,1833,2052,2301,2923,4061,420,2077,3551,3129,2545,2358,2731,,5,35,48,23,29,27,30,289,1421,1413,1108,1252,1661,65,421,1731,1551,1039,907,997,,1,18,23,9,12,20,,2,8,4,10,12,37,,3,6,1,12,14,15,,,,,,,,8,42,43,85,138,284,4,15,49,46,74,107,146,,,,,1,3,8,115,328,414,696,1223,1970,20,205,392,466,602,841,1021,,3,3,4,12,12,,,,,,,,,,6,,,,,,,,,,,,,,,,,,,,,,,,,3,30,157,3,51,337,0,3,13,17,78,93,0,3,13,38,83,254,,,,,,,,,0,4,7,0,1,4,1,104,25,17,879,235,106,3325,623,1,119,30,22,1645,422,145,8594,1232,3634,3532,3854,5244,7006,8352,9822,10512,10826,11032,10960,11204,11226,11256,11374,11430,11508,11746,11636,11142,10012,8382,6512,4862,28370,0,1,,0,1,0,,0,0,,0,1,0,0,1,,0,0,,0,0,0,,0,0,,0,0,0,0,0,,130,955,8518
12/5/2015,30846,20,4,85,1073,9856,,,,13,,,,,,,,2,,,,,,,3,1202,12746,105359,1202,12746,56820,0,0,48539,2268,50812,402715,2268,50812,333282,0,0,69433,6,124,6,73,1189,12241,57897,1189,12241,57897,0,0,0,2234,49490,327820,2234,49490,327820,0,0,0,778,237,84,42,24,29,8,5,6101,2234,1130,712,471,994,618,428,61977,17923,7697,3899,2402,4714,3286,3364,762,236,83,42,24,30,6,5,5929,2131,1066,695,436,977,611,419,28159,9904,4798,2859,1766,4392,3003,3271,0,20,0,49,13,1,50,3,783,214,4,5489,6,8,3455,9,0,20,0,52,16,4,50,3,1469,425,7,5536,6,10,10093,17,12,342,2825,15,577,6444,2,7,3,1,42,202,124,3,315,2088,839,10,2,9,3,1,55,285,234,3,407,3425,2601,11,131,549,1833,2053,2300,2925,4064,419,2078,3554,3133,2549,2359,2734,,4,34,48,23,29,27,28,254,1306,1223,962,1116,1483,63,377,1622,1423,941,815,905,,,17,18,11,9,17,,1,1,,1,9,16,,1,8,2,7,6,7,,,,,,,,7,34,37,69,123,262,4,14,49,44,70,100,129,,,,,1,2,8,110,323,401,677,1186,1914,20,197,389,453,589,815,994,,3,3,4,10,12,,,,,,2,1,,,3,,,,,,,,,,,1,,,,,,,,,,,,,,0,25,154,0,45,333,0,0,9,16,76,92,0,0,9,36,81,252,,,,,,,,,0,4,7,0,1,4,2,48,13,18,781,214,107,3319,620,2,50,15,22,1443,388,146,8580,1229,3796,3418,3450,4168,5720,7600,9066,10216,10784,11194,11206,10858,11072,11236,11478,11554,11738,11858,11670,11458,10484,8658,6678,5256,28252,1,2,,1,2,0,,0,0,,1,2,0,1,2,,0,0,,0,0,0,,0,0,,0,0,0,0,0,,75,866,8277
12/6/2015,30871,31,7,83,992,9468,,,,27,,,,,,,1,,1,,,,,,2,797,10718,101618,797,10718,55411,0,0,46207,1303,43979,386627,1303,43979,321606,0,0,65021,3,120,3,68,791,10258,56388,791,10258,56388,0,0,0,1293,42669,316346,1293,42669,316346,0,0,0,527,145,53,20,12,14,4,2,5078,1914,950,595,397,857,565,374,60127,17127,7272,3733,2278,4568,3164,3243,520,145,53,21,11,14,5,1,4908,1810,888,576,363,838,559,366,27422,9599,4649,2769,1719,4315,2896,3158,0,31,0,39,12,1,82,3,697,188,4,5169,6,8,3375,9,0,31,0,42,13,4,81,3,1279,386,7,5216,6,10,9809,15,11,293,2709,19,507,6230,4,5,2,0,44,164,107,3,280,2005,825,9,6,7,6,0,60,233,211,3,364,3275,2582,9,131,550,1834,2053,2302,2928,4066,419,2079,3554,3135,2550,2363,2742,,4,34,48,23,29,27,22,222,1154,1035,779,910,1248,49,317,1423,1216,786,675,734,,,15,17,10,7,14,,2,1,2,4,10,9,1,1,2,2,9,10,15,,,,,,,,7,34,34,63,110,238,4,12,41,38,66,86,123,,,,,,2,8,109,301,385,651,1131,1834,19,183,374,427,564,787,973,,3,3,4,10,11,,,,,,,1,,,2,,,,,,,,,,,,,,,,,,,,,,,,,1,22,149,1,40,320,0,1,8,14,74,89,0,1,8,32,79,241,,,,,,,,,0,4,7,0,1,4,0,39,12,16,693,188,102,3246,605,0,42,12,18,1257,350,140,8342,1193,3790,3324,3288,3758,5178,7174,8794,9836,10766,11072,11370,11306,11516,11852,11866,12160,12500,12782,12438,11542,10084,7908,5806,4522,28372,0,2,,0,2,0,,0,0,,0,2,0,0,2,,0,0,,0,0,0,,0,0,,0,0,0,0,0,,74,807,7911
12/7/2015,30907,42,4,486,1320,9163,,1,,30,,,,,,,,,2,,1,,,1,5,7654,15027,101790,7654,15027,57882,0,0,43908,14061,54132,382901,14061,54132,322027,0,0,60874,37,142,22,76,7654,14710,58609,7654,14710,58609,0,0,0,13992,52783,316889,13992,52783,316889,0,0,0,5047,1464,615,240,155,210,34,16,7803,2676,1298,772,450,1003,640,414,60286,17150,7187,3724,2270,4598,3121,3187,5045,1461,614,245,151,214,30,15,7640,2570,1233,752,417,992,626,408,28713,10065,4821,2857,1789,4367,2893,3100,0,42,0,362,77,1,126,3,939,239,4,4812,6,8,3414,7,0,42,0,390,91,4,123,3,1584,445,7,4859,6,10,9826,13,93,350,2655,116,584,5874,3,69,26,1,39,207,128,4,266,1956,810,10,4,79,32,1,57,286,237,4,348,3166,2350,10,132,550,1834,2054,2305,2930,4074,420,2079,3558,3139,2553,2366,2748,,4,34,48,23,29,27,39,597,1599,1470,1249,1289,1508,64,665,1853,1564,1169,895,907,,1,16,21,14,10,18,1,5,17,20,30,53,79,2,8,26,25,27,29,46,,,,,,,1,10,42,49,86,146,280,5,19,59,55,84,105,144,,,,,,2,9,107,290,378,626,1098,1765,19,180,371,409,548,754,926,,3,3,4,10,10,,,1,1,,4,,,,18,,,,,,,,,,,,,,,,,,,,,,,,,9,26,151,10,46,324,1,8,9,18,72,92,1,9,9,37,77,247,,,,,,,,,0,4,7,0,1,4,3,361,76,18,934,238,100,3282,621,4,386,88,20,1560,406,136,8349,1210,3430,3182,3834,5396,6770,8326,9600,10652,11102,11326,11468,11500,11310,11692,11746,12168,12286,12620,12652,11978,10256,8036,6056,4740,28448,0,2,,0,2,0,,0,0,,0,2,0,0,2,,0,0,,0,0,0,,0,0,,0,0,0,0,0,,433,1124,7652
12/8/2015,30934,33,7,312,1218,8956,,,,23,,1,2,,,,,,2,,,,,,2,4560,14905,96877,4560,14905,55115,0,0,41762,12847,49311,358883,12847,49311,301941,0,0,56942,37,145,21,74,4541,14485,54106,4541,14485,54106,0,0,0,12780,47955,298128,12780,47955,298128,0,0,0,2557,790,362,202,117,295,153,56,7889,2701,1328,725,451,951,545,329,57432,16020,6665,3444,2045,4279,2958,3024,2552,791,363,205,113,296,149,56,7727,2593,1266,706,417,940,527,325,27093,9497,4571,2700,1672,4117,2735,2956,0,33,0,212,52,1,159,0,831,212,1,4267,6,4046,737,0,0,33,0,294,90,4,156,0,1316,356,4,4220,6,9893,1528,0,77,294,2531,115,453,5092,14,50,24,0,30,193,100,4,273,1852,749,9,14,59,42,0,34,261,154,4,353,2813,1917,9,132,550,1832,2054,2310,2928,4081,422,2078,3564,3143,2554,2365,2755,,4,34,49,23,29,27,39,631,1548,1430,1249,1271,1461,67,680,1815,1594,1162,909,895,,1,16,15,11,12,19,1,1,10,3,23,34,68,2,1,14,12,11,20,35,,,1,,,,2,9,40,35,78,127,238,6,18,66,52,74,96,140,,,1,,,2,8,104,274,351,595,1060,1701,21,169,346,387,516,720,867,,1,4,3,9,10,,1,1,,1,4,,,,17,,,2,,,,,1,,1,1,,,,,,,,,,,,,1,7,23,151,7,33,305,3,4,7,17,72,92,3,4,7,26,77,228,,,,,,,,,0,4,4,0,1,1,2,209,52,15,823,210,149,4032,736,2,292,74,16,1296,329,195,9693,1443,3518,3404,3960,5236,7030,8510,9756,10556,10746,11234,11082,10984,11080,11190,11158,11798,11978,12182,12160,11272,9930,7784,5946,4766,28496,0,2,7,0,2,5,2,0,0,1,0,2,6,0,2,7,0,0,3,0,0,1,2,0,0,0,0,0,3,0,0,3,264,1056,7757
12/9/2015,30978,49,3,185,1236,7774,,,,45,,,,,,,,,1,,,,,,1,2912,15214,87337,2912,15214,47778,0,0,39559,6169,48810,296438,6169,48810,243527,0,0,52911,18,131,14,71,2904,14902,47914,2904,14902,47914,0,0,0,6140,47816,240378,6140,47816,240378,0,0,0,1721,500,235,143,66,115,43,12,7921,2705,1306,710,504,933,537,322,53480,14488,5922,3018,1770,3710,2539,2345,1719,499,234,147,62,116,43,11,7739,2598,1263,708,484,934,525,316,24284,8451,4098,2372,1464,3593,2336,2285,0,49,0,105,23,1,209,0,791,196,1,3954,4,3182,690,0,0,48,0,133,28,2,204,0,1218,322,4,3894,4,7478,1413,0,32,286,2115,45,451,4294,9,16,8,0,36,185,96,3,271,1562,592,7,9,23,13,0,41,254,153,3,344,2355,1588,7,132,547,1836,2056,2315,2929,4094,422,2077,3563,3145,2555,2375,2766,,4,34,49,23,29,27,40,701,1532,1410,1248,1248,1412,65,779,1842,1590,1164,871,871,,3,17,15,11,12,19,,,11,6,15,15,42,,,4,3,10,18,24,,,,,1,1,2,9,43,34,77,119,221,6,17,60,44,71,95,144,,,1,,1,2,7,83,214,295,527,930,1497,19,147,290,335,456,642,786,,,3,2,9,10,,,,,,2,1,,,11,,,,,,,,,,,,,,1,1,,1,,1,,,,,6,5,25,135,6,30,260,4,1,9,16,64,82,5,1,10,20,69,191,,,,,,,,,0,2,4,0,1,1,2,104,23,12,782,195,130,3168,689,7,126,27,19,1196,296,168,7305,1333,3394,3114,3776,5236,6914,8318,9610,10308,10618,11070,11174,11086,11270,11320,11528,11916,12026,12198,12284,11318,9802,7742,5954,4526,28404,1,2,7,1,2,5,2,1,1,2,0,1,5,1,2,7,0,0,2,0,0,0,2,0,0,0,0,0,2,0,0,2,162,1066,6758
12/10/2015,31029,54,5,278,1303,7249,,1,,50,,,,,,,,,2,,,,,,4,3164,14828,81046,3164,14828,43930,0,0,37116,6593,47815,271984,6593,47815,223026,0,0,48958,28,142,17,75,3150,14646,44784,3150,14646,44784,0,0,0,6523,47288,220037,6523,47288,220037,0,0,0,1848,624,263,132,83,120,32,14,7731,2641,1240,687,460,928,546,304,50584,13493,5475,2669,1619,3360,2374,2145,1835,624,263,130,82,121,32,12,7612,2612,1229,699,450,929,540,297,22507,7928,3871,2161,1335,3287,2196,2087,0,57,0,172,27,0,259,0,781,185,1,3636,4,2942,660,0,0,60,0,217,50,0,258,0,1248,320,4,3623,4,6790,1374,0,56,295,1925,130,499,3858,7,35,20,0,41,194,93,2,254,1450,466,7,7,40,83,0,45,257,195,2,322,2116,1413,7,132,547,1836,2058,2319,2934,4102,422,2077,3569,3149,2556,2387,2775,,4,34,49,23,29,27,39,694,1480,1314,1218,1232,1410,51,768,1787,1528,1135,862,855,,3,19,15,10,11,18,,4,6,11,16,34,58,,3,17,7,14,28,26,,,,,,,2,11,38,37,78,132,227,5,17,67,46,70,96,141,,,1,,1,1,6,75,198,279,484,848,1360,17,139,281,322,436,603,731,,,3,2,9,7,,,1,1,,2,,,,15,,,,,,,,,,,,,,,,,,,,1,,,,7,1,22,116,1,28,206,0,1,8,14,55,68,0,1,9,19,57,149,,,,,,,,,0,0,4,0,0,1,3,172,27,11,775,184,117,2933,658,3,214,44,19,1229,290,151,6635,1288,3450,3308,3700,5292,6904,8592,9610,10270,10650,11098,11060,10876,11136,11088,11418,11490,11906,11640,11864,11230,9870,7782,6024,4572,28252,0,2,7,0,2,5,2,0,1,2,0,1,5,0,2,7,0,0,2,0,0,0,2,0,0,0,0,0,2,0,0,2,236,1110,6363
12/11/2015,31116,89,5,277,1376,7059,1,,,78,,,,,,,,,5,,1,,,,3,2670,15270,79386,2670,15270,44836,0,0,34550,5215,48456,263852,5215,48456,219348,0,0,44504,19,148,14,80,2395,14847,44218,2395,14847,44218,0,0,0,4582,47544,215871,4582,47544,215871,0,0,0,1626,500,218,94,55,86,18,10,7717,2683,1292,711,454,978,531,305,48806,12822,5200,2542,1562,3282,2322,2102,1459,442,182,91,43,73,16,9,7558,2620,1261,710,437,965,527,297,22137,7793,3779,2138,1318,3243,2148,2046,1,89,0,154,21,1,319,0,801,181,2,3439,4,2950,647,0,1,92,0,190,28,1,326,0,1318,316,5,3402,4,6733,1344,0,57,309,1880,203,643,3870,8,31,29,0,47,199,107,2,253,1404,475,7,9,49,145,0,51,266,324,2,314,2058,1491,7,132,543,1841,2062,2323,2937,4119,424,2076,3572,3156,2570,2405,2790,,4,34,49,23,29,27,42,693,1472,1334,1280,1263,1421,49,765,1767,1536,1135,873,872,,4,20,18,13,8,14,,4,10,10,18,25,60,2,2,7,15,23,30,27,,,,,,1,2,12,38,38,83,140,250,7,16,65,58,78,116,152,,,1,,1,2,6,69,194,273,470,806,1303,19,131,273,318,426,580,704,,,3,1,9,7,,,,,1,1,,,,13,,,,,,,,,,,,,,,,,,,,,,,,4,1,21,112,1,26,194,0,1,8,13,52,66,0,1,9,17,54,140,,,1,1,,1,,1,1,1,5,1,1,2,3,153,20,11,794,180,117,2942,646,4,185,23,22,1295,283,153,6575,1254,3386,3304,3864,5268,6878,8360,9684,10634,10966,11026,10954,11146,11024,11316,11374,11648,11676,11822,11762,11170,9934,8116,6644,5250,28326,0,2,7,0,2,5,2,0,1,2,0,1,5,0,2,7,0,0,2,0,0,0,2,0,0,0,0,0,2,0,0,2,245,1191,6192
12/12/2015,31166,51,2,233,1470,6977,3,1,,38,,1,1,,,1,,,4,,,,,,3,3340,16082,76042,3340,16082,44607,0,0,31435,5530,51718,258059,5530,51718,218741,0,0,39318,11,153,9,85,3250,15667,44130,3250,15667,44130,0,0,0,5367,50677,215221,5367,50677,215221,0,0,0,2152,608,228,108,48,51,17,10,8088,2849,1380,756,519,1044,579,319,46910,12047,4934,2429,1533,3221,2278,2102,2082,596,223,107,44,52,15,10,7907,2787,1338,758,496,1030,569,313,22057,7756,3758,2126,1338,3195,2135,2047,0,51,0,117,22,1,352,0,835,186,2,3221,4,2892,638,0,0,52,0,130,24,1,358,0,1396,324,5,3181,4,6668,1334,0,83,368,1857,146,774,3891,14,61,18,0,58,250,120,1,253,1388,475,7,17,70,59,0,66,327,380,1,313,2037,1534,7,132,543,1843,2064,2327,2939,4126,422,2081,3578,3160,2575,2409,2800,,4,35,49,23,29,27,41,713,1572,1406,1356,1308,1496,55,815,1919,1639,1207,919,916,,4,23,19,12,9,14,,1,10,9,13,22,41,,8,9,11,12,10,17,,1,,,,,2,13,44,46,92,148,263,7,23,66,66,83,120,159,,1,1,,1,2,6,68,192,263,457,764,1244,19,125,274,314,417,558,685,,1,3,1,8,7,,,,,,3,,,,6,,,,,,,,,,,,,,,,,,1,2,,,1,,,6,26,112,6,32,189,3,3,11,15,51,64,3,3,12,20,53,136,,,,,,,,,0,1,5,0,1,2,5,116,22,13,831,185,118,2884,636,5,125,23,25,1370,291,153,6510,1246,3804,3296,3368,4036,5558,7624,9022,10278,10908,11308,11270,11128,11172,11180,11492,11696,11692,11546,11552,11396,10174,8584,7080,5408,28382,0,1,7,0,1,5,2,0,1,2,0,0,5,0,1,7,0,0,2,0,0,0,2,0,0,0,0,0,2,0,0,2,174,1249,6058
12/13/2015,31198,37,5,219,1586,6683,,,,30,,,,,,,,1,,,,,,,2,4267,17751,71796,4267,17751,43704,0,0,28092,6681,57096,247381,6681,57096,212984,0,0,34397,2,152,2,84,4267,17254,43541,4267,17254,43541,0,0,0,6666,56050,209574,6666,56050,209574,0,0,0,2859,800,311,94,66,61,9,2,8865,3146,1588,839,571,1188,630,354,44686,11206,4578,2335,1432,3095,2187,2063,2851,798,311,94,66,63,7,2,8691,3084,1541,841,551,1172,621,347,21709,7602,3670,2104,1277,3103,2051,2014,0,37,0,117,27,1,357,0,887,194,2,2959,4,2831,613,0,0,37,0,120,31,1,364,0,1474,342,5,2922,4,6435,1307,0,75,435,1808,89,844,3764,22,53,6,0,75,302,125,1,230,1357,470,6,25,56,8,0,85,376,382,1,278,1968,1512,6,132,542,1843,2066,2330,2940,4133,420,2084,3581,3164,2580,2413,2803,,4,35,49,23,29,27,44,752,1738,1559,1447,1381,1608,62,887,2247,1948,1313,996,1006,,4,29,29,13,11,16,,,7,4,12,16,36,1,2,13,15,17,15,16,,,,,,,2,12,48,48,96,148,283,7,24,76,73,93,124,156,,1,1,,1,2,6,64,189,245,435,710,1173,20,119,266,303,396,523,643,,1,3,1,6,7,,,,,,2,,,,,,,,,,1,,,,,,,,,,,,,,,,,,2,3,27,108,4,35,182,0,3,11,16,49,61,0,4,12,23,50,132,,,,,,,,,0,1,5,0,1,2,1,116,26,14,884,193,111,2823,612,1,119,30,26,1447,309,142,6288,1219,4024,3324,3098,3666,5068,7068,8676,9790,10732,11282,11276,11414,11434,11644,11896,12054,12346,12348,12262,11520,10112,8130,6024,4576,28488,0,1,6,0,1,5,1,0,1,2,0,0,4,0,1,6,0,0,1,0,0,0,1,0,0,0,0,0,1,0,0,1,167,1311,5769
12/14/2015,31249,59,7,158,1343,6339,2,1,,51,1,,1,,,,,,,,,,,,1,1985,13852,67916,1985,13852,42673,0,0,25243,3387,46422,237465,3387,46422,207764,0,0,29701,16,131,9,74,1972,13479,42897,1972,13479,42897,0,0,0,3348,45406,204474,3348,45406,204474,0,0,0,1348,346,133,62,30,39,10,7,6599,2387,1204,696,469,1038,514,312,42388,10420,4352,2207,1425,3046,2106,1996,1339,345,132,64,29,40,12,3,6396,2318,1157,697,446,1028,512,301,21440,7486,3639,2066,1289,3054,1994,1954,0,59,1,73,21,1,377,1,671,143,2,2648,5,2807,595,0,0,59,1,83,29,1,381,1,1167,280,5,2633,5,6278,1276,0,28,379,1753,44,772,3664,7,19,6,0,81,253,106,0,218,1297,468,6,8,23,13,0,89,320,363,0,264,1889,1505,6,132,542,1843,2070,2332,2944,4142,421,2088,3581,3166,2588,2420,2813,,4,35,49,23,29,27,25,434,1293,1188,1004,1041,1355,47,619,1792,1625,994,778,850,,3,27,27,9,8,13,,,4,9,5,9,31,2,4,7,7,12,17,21,,,,,,,1,8,40,42,80,121,248,7,20,59,59,81,114,144,,1,1,,1,2,6,60,179,235,405,664,1089,22,114,258,291,378,488,611,,1,3,1,6,6,,,,,1,1,,,,8,,,,,,,,,,,,,,,,,,,,1,,,,4,1,22,103,1,26,176,1,0,11,11,48,57,1,0,12,14,49,127,,,,,,,,,0,1,5,0,1,2,3,73,21,14,669,143,109,2800,593,4,79,28,26,1140,249,141,6132,1189,3452,3276,3840,5304,6806,8304,9502,10570,10754,11360,11300,11238,11216,11324,11726,11888,12310,12336,12510,11790,10426,8136,6228,5276,28646,0,1,6,0,1,5,1,0,1,2,0,0,4,0,1,6,0,0,1,0,0,0,1,0,0,0,0,0,1,0,0,1,140,1083,5455
12/15/2015,31346,101,4,329,1416,6236,1,1,,85,1,,,,,,2,,4,,,,,,4,3045,13026,64107,3045,13026,41996,0,0,22111,5591,39166,231992,5591,39166,206447,0,0,25545,22,116,14,69,2772,12423,42120,2772,12423,42120,0,0,0,5080,37706,202742,5080,37706,202742,0,0,0,1885,551,257,120,69,82,23,5,6252,2236,1163,696,461,993,437,186,40185,9655,4131,2184,1391,3022,2054,1986,1753,504,227,118,53,75,20,4,5933,2116,1086,694,430,974,430,176,20990,7328,3556,2081,1276,3014,1960,1945,1,101,0,167,25,2,448,1,660,118,3,2477,5,2827,592,0,1,101,0,192,30,2,449,1,1065,220,6,2433,5,6341,1281,0,72,387,1760,95,752,3649,4,52,28,0,70,261,110,0,202,1294,481,6,4,55,36,0,79,316,357,0,249,1882,1512,6,132,540,1849,2071,2339,2950,4162,421,2092,3583,3172,2602,2432,2834,,4,35,49,23,29,27,22,400,1292,1137,908,962,1246,41,586,1768,1544,926,678,744,,3,26,25,9,9,13,,2,10,15,20,38,62,,4,15,9,28,24,41,,,,,,,,8,41,49,82,122,254,5,23,62,56,99,123,151,,1,,,1,2,6,58,175,232,396,651,1038,22,116,259,281,372,471,602,,1,3,1,6,6,,,3,,,,1,,,13,,,,,,,,,,,,,,,1,,,,,,,,,5,3,18,101,4,23,174,0,3,8,10,47,57,0,4,9,14,48,126,1,,,1,,,1,1,1,2,6,1,2,3,6,163,24,18,656,117,111,2823,591,6,185,27,30,1033,202,144,6191,1193,3464,3452,3834,5236,7000,8450,9584,10586,10954,11416,11194,11120,11458,11592,11852,11884,12280,12574,12366,11798,10508,8122,6324,4810,28734,0,1,6,0,1,5,1,0,1,2,0,0,4,0,1,6,0,0,1,0,0,0,1,0,0,0,0,0,1,0,0,1,277,1148,5359
12/16/2015,31400,60,4,233,1464,6037,,,,51,1,2,,,,,,,3,,,,,,1,2942,13313,62355,2942,13313,42986,0,0,19369,4799,37796,225852,4799,37796,204370,0,0,21482,13,111,11,64,2892,12724,42318,2892,12724,42318,0,0,0,4709,36275,200700,4709,36275,200700,0,0,0,2124,497,180,69,34,38,13,8,6527,2341,1213,717,497,946,414,144,38180,9077,3960,2166,1361,2997,2042,1961,2088,491,178,70,31,39,14,6,6197,2213,1132,710,468,929,403,137,21048,7293,3533,2103,1262,2983,1966,1924,0,61,0,145,26,2,457,1,710,124,3,2210,5,2859,588,0,0,60,0,155,27,2,461,1,1087,219,6,2189,5,6364,1280,0,52,408,1723,105,812,3314,12,33,15,0,73,275,119,0,205,1253,483,6,12,47,46,0,82,340,390,0,249,1835,1224,6,131,544,1850,2073,2341,2950,4174,421,2091,3586,3175,2610,2440,2847,,4,35,49,23,29,27,22,345,1332,1198,924,976,1273,44,529,1871,1625,973,724,783,,1,29,27,10,12,14,,6,14,7,9,15,48,,2,14,15,14,28,27,,,,,,,,14,44,51,78,123,263,5,24,73,67,105,133,158,,1,,,,1,6,57,174,230,368,606,992,22,109,263,275,359,463,589,,1,3,1,5,6,,,,,,2,,,,9,,,,,,,,,,,,,,,,,,1,1,1,,,,4,3,15,101,3,20,174,1,2,5,10,47,57,1,2,5,15,48,126,,,,,,,,,0,2,6,0,2,3,3,144,25,20,704,122,111,2851,585,3,152,25,26,1059,200,143,6215,1192,3350,3192,3762,5140,6844,8400,9644,10526,10834,11172,11054,10944,11090,11318,11388,11612,11724,12162,11990,11348,9890,7962,6100,4690,28606,1,1,7,1,1,6,1,1,1,3,0,0,4,1,1,7,0,0,1,0,0,0,1,0,0,0,0,0,1,0,0,1,209,1200,5194
12/17/2015,31355,49,3,220,1410,5356,,,,40,,,,,,,,,2,1,,,,,3,3642,13607,55920,3642,13607,39436,0,0,16484,6418,37621,212594,6418,37621,195016,0,0,17578,23,106,16,61,3182,12884,39042,3182,12884,39042,0,0,0,5697,35449,190747,5697,35449,190747,0,0,0,2188,682,294,137,72,79,16,9,6580,2370,1296,767,454,1016,414,114,33820,8010,3569,2000,1282,2861,1971,1895,1975,615,251,125,65,69,16,7,6316,2214,1178,717,418,963,404,105,19054,6670,3253,1896,1189,2813,1901,1863,1,50,0,135,25,2,450,1,703,124,3,1870,5,2507,569,0,1,49,0,147,28,3,450,1,1017,197,7,1888,5,5762,1239,0,41,398,1554,217,899,3080,5,22,13,1,71,265,115,1,196,1121,445,7,5,35,176,1,80,335,483,1,239,1600,1234,7,130,540,1850,2071,2346,2948,4184,419,2076,3564,3169,2601,2446,2847,,4,34,47,23,29,27,19,333,1363,1214,911,975,1258,43,528,1937,1682,1011,741,813,,1,29,29,11,11,14,,1,7,9,19,16,49,,6,9,9,17,16,22,,,,,,,,12,50,53,81,114,264,5,27,67,68,107,120,151,,1,,,,1,6,53,168,213,360,554,944,21,104,248,258,335,437,554,,1,3,1,5,6,,,1,,2,1,,,,15,,,,,,,,,,,,,,,,,,,,,,,,4,4,17,96,4,23,167,1,3,6,11,44,54,1,3,6,17,46,121,1,,,1,,,1,1,1,3,7,1,2,3,1,132,25,20,696,122,73,2491,567,1,144,26,24,989,182,100,5654,1150,3558,3258,3918,5158,6984,8352,9854,10550,11062,11266,10970,10980,11184,11522,11640,11674,11728,12214,12210,11648,9748,7894,6190,4638,28800,1,2,8,1,2,7,1,0,1,3,1,1,5,1,2,8,0,0,1,0,0,0,1,0,0,0,0,0,1,0,0,1,191,1171,4460
12/18/2015,31481,41,5,2104,3192,6477,,1,,31,1,1,2,,,,,,1,,,,,,3,21056,30012,66806,5264,14220,37037,15792,15792,29769,36869,69275,232891,12315,44721,194611,24554,24554,38280,42,129,13,63,20835,29644,52508,5043,13852,36716,15792,15792,15792,36501,67368,214635,11947,42814,190081,24554,24554,24554,14006,3686,1444,886,450,569,54,19,18238,5122,2301,1399,761,1498,555,177,41150,9791,4309,2509,1526,3136,1951,1918,13914,3670,1430,889,446,561,54,14,18020,4995,2222,1362,729,1447,547,168,28870,8884,4069,2419,1431,3089,1883,1887,0,41,0,255,37,1,401,1,782,141,3,1617,5,2382,564,0,0,41,0,334,51,2,399,1,1161,220,7,1596,5,5638,1240,0,1833,2167,3154,2183,2879,4936,1723,75,69,0,1789,303,151,1,1915,1044,453,5,1789,115,278,0,1860,401,616,1,2008,1498,1424,5,131,544,1854,2079,2353,2953,4195,421,2093,3583,3181,2613,2449,2865,,4,35,49,23,29,27,20,2336,3368,2928,2302,2003,1853,57,2940,3848,3245,2189,1412,1290,,13,53,40,24,17,21,,,14,32,24,33,68,1,,12,18,18,21,38,,,1,,,,,9,52,69,87,123,268,4,25,70,69,101,103,154,,1,1,,,,5,49,161,204,341,510,892,21,89,242,233,316,409,532,,1,4,1,4,6,,,,,,3,,,,11,,,,,,,,,,,,,,,,,,,,,,,,9,6,20,95,6,28,164,2,4,8,12,46,52,2,4,8,20,47,117,,,,,,,,,0,2,7,0,1,3,10,254,36,28,773,139,68,2373,563,12,322,41,32,1126,200,98,5532,1143,3580,3450,3892,5176,6926,8388,9806,10500,11058,11412,11108,10970,11162,11158,11374,11326,11604,11712,11646,11016,9914,8372,6586,5228,28788,0,2,6,0,2,6,0,0,1,3,0,1,3,0,2,6,0,0,0,0,0,0,0,0,0,0,0,0,0,0,0,0,309,1212,4082
12/19/2015,31515,37,3,3159,6022,9062,,,,31,2,,,,,,,,2,,1,,,,,29425,50595,85890,4295,15102,40187,25130,35493,45703,55477,119222,279369,8253,47444,197475,47224,71778,81894,9,127,3,57,29383,50106,73182,4253,14613,37689,25130,35493,35493,55278,117279,264617,8054,45501,192839,47224,71778,71778,17310,5595,2517,1541,736,1199,37,16,27862,9130,4475,2698,1547,3116,854,201,47719,13403,6417,3821,2280,4723,2220,1954,17252,5584,2505,1539,737,1195,39,13,27666,9007,4406,2659,1513,3063,849,188,38110,12817,6219,3735,2189,4676,2157,1922,0,37,0,159,24,1,386,1,831,143,3,1366,5,2398,569,0,0,37,0,186,34,2,384,1,1217,230,7,1344,5,5660,1253,0,3006,4913,5937,3281,6014,8089,2839,55,116,0,4434,301,248,1,4578,1016,551,5,2999,76,206,0,4842,407,763,1,4996,1469,1618,5,131,543,1855,2080,2358,2956,4201,421,2092,3582,3184,2618,2453,2873,,5,35,49,23,29,27,24,4479,5901,4890,3945,3231,2493,56,5803,6388,5024,3485,2110,1732,,17,74,54,34,27,25,,4,21,9,20,18,42,1,2,11,6,14,13,26,,,,1,,1,,11,61,73,92,120,265,5,20,69,67,101,105,163,,,1,1,,1,5,47,164,190,327,478,839,22,83,230,224,305,386,528,,1,4,2,3,6,1,,,,,2,,,,1,,,,,,,,,,,,,,,,,,,,,,,,2,4,20,92,4,26,157,1,3,6,14,42,51,1,3,6,20,44,113,,,,,,,,,0,2,7,0,1,3,2,157,24,25,823,141,68,2389,568,3,183,33,30,1184,210,98,5554,1155,3882,3288,3334,4068,5460,7446,8994,10188,11048,11380,11292,11162,10922,11082,11396,11412,11514,11544,11726,11214,10258,8632,6892,5266,28654,0,2,6,0,2,6,0,0,1,3,0,1,3,0,2,6,0,0,0,0,0,0,0,0,0,0,0,0,0,0,0,0,205,1256,3954
12/20/2015,31550,36,2,2912,8030,10916,,,,34,,2,,,,,,,,,,,,,,24565,61787,92854,1013,13958,37778,23552,47829,55076,46784,159325,316268,2128,42891,193022,44656,116434,123246,9,134,8,61,24565,61127,84085,1013,13298,36256,23552,47829,47829,46739,157352,304839,2083,40918,188405,44656,116434,116434,14646,4665,2243,1444,663,952,15,4,32213,11133,5526,3498,2227,4631,1576,220,49953,15296,7566,4638,2971,6306,2989,1919,14636,4663,2243,1447,659,951,14,4,32020,11015,5452,3460,2193,4575,1571,206,43054,14919,7392,4562,2877,6252,2937,1886,0,36,0,49,6,1,383,1,794,129,3,1108,5,2341,560,0,0,37,0,59,6,2,384,1,1156,205,7,1105,5,5526,1235,0,2839,7041,8009,3241,9166,11145,2811,12,21,0,6610,258,262,1,6760,937,544,5,3185,14,42,0,8002,365,797,1,8170,1356,1613,5,130,542,1857,2080,2359,2958,4206,420,2091,3583,3186,2622,2461,2887,,5,35,49,23,29,27,24,5894,7254,5911,4884,3942,2789,53,7626,7799,5801,4277,2522,1885,,22,86,62,42,33,26,,1,,4,11,8,13,1,,2,2,8,10,17,,,,,,,,12,57,73,89,117,252,5,18,59,57,97,103,168,,,1,1,,1,4,41,150,176,298,430,791,21,76,214,201,292,367,512,,1,4,2,3,6,,,,,,3,,,,5,,,,,,,,,,,,,,,,,,,,,,,,2,2,21,90,2,24,149,2,0,8,13,41,49,2,0,8,16,43,106,,,,,,,,,0,2,7,0,1,3,3,47,5,27,785,127,69,2332,559,3,56,5,32,1121,185,98,5420,1137,3968,3302,3202,3702,5262,7032,8776,10130,10882,11168,11414,11526,11616,11940,11812,11792,12008,12424,12252,11600,10212,8464,6224,5050,28812,0,2,6,0,2,6,0,0,1,3,0,1,3,0,2,6,0,0,0,0,0,0,0,0,0,0,0,0,0,0,0,0,85,1200,3618
12/21/2015,31601,55,5,2823,9640,12451,,2,,47,,,,,,,,,2,,,,,1,1,21575,69683,96812,1839,13979,35927,19736,55704,60885,42513,198451,350566,3983,43487,191212,38530,154964,159354,33,151,14,63,21551,68839,90620,1815,13135,34916,19736,55704,55704,42458,196462,341573,3928,41498,186609,38530,154964,154964,12676,4218,2039,1317,588,887,20,5,34656,12453,6242,4062,2582,5871,2401,466,49798,16271,8236,5162,3333,7504,3784,2145,12670,4215,2039,1319,586,888,18,5,34470,12330,6168,4022,2551,5812,2394,457,44995,15988,8068,5092,3239,7439,3746,2114,0,56,0,69,19,1,378,0,785,123,3,912,5,2298,556,0,0,56,0,97,27,2,381,0,1170,203,7,919,5,5494,1248,0,2719,8741,9673,3101,12223,14077,2689,29,8,0,8274,260,261,1,8416,901,544,5,3026,41,34,0,11020,383,818,1,11190,1324,1557,5,130,542,1856,2082,2361,2957,4223,421,2093,3584,3193,2625,2470,2895,1,5,35,49,23,29,27,23,6793,8054,6604,5521,4406,3050,52,8663,8785,6626,4872,2826,2056,,30,98,68,52,36,28,,,5,6,8,9,36,1,2,7,8,5,11,20,1,,,,,,,12,56,68,89,114,257,4,16,58,59,92,100,164,1,,1,1,,1,4,38,138,169,284,410,759,22,74,202,189,277,350,484,1,1,4,2,2,6,,,,,,4,,,,10,,,,,,,,,,,,2,,,,1,,,1,,,,,10,3,23,89,3,26,144,0,3,7,16,40,49,0,3,7,19,42,102,,,,,,,,,0,2,7,0,1,3,1,69,19,25,776,120,68,2288,555,3,94,27,31,1136,184,100,5386,1150,3536,3286,3724,4814,6506,8192,9668,10750,11038,11630,11510,11380,11374,11598,11612,11724,11964,12170,12438,11822,10300,8272,6528,4896,28928,0,2,6,0,2,6,0,0,1,3,0,1,3,0,2,6,0,0,0,0,0,0,0,0,0,0,0,0,0,0,0,0,130,1182,3391
12/22/2015,31654,60,6,2937,11253,14088,,,,47,1,1,,1,,,,,1,,,,,,5,24826,77170,100556,5118,14698,37489,19708,62472,63067,46999,239859,389021,9525,47421,196140,37474,192438,192881,27,156,14,60,24684,76284,98798,4976,13812,36326,19708,62472,62472,46594,237976,383630,9120,45538,191192,37474,192438,192438,14178,4755,2217,1388,665,954,28,19,37377,13470,6990,4488,2980,7006,3242,805,48331,17285,8922,5561,3744,8701,4547,2535,14066,4717,2203,1379,661,950,24,18,37207,13350,6913,4461,2942,6965,3231,797,47420,17043,8761,5503,3626,8605,4503,2510,1,60,1,265,29,1,343,1,854,129,3,937,6,2357,560,0,1,60,1,313,38,2,340,1,1291,211,8,945,6,5642,1262,0,2656,10373,11382,2959,15087,16983,2549,89,26,0,9900,291,254,1,10053,943,555,5,2781,130,48,0,13797,458,830,1,13965,1418,1594,5,130,542,1859,2085,2366,2960,4234,419,2094,3591,3194,2634,2475,2901,1,5,35,49,24,29,27,28,7666,8816,7298,6136,4972,3423,56,9674,9739,7281,5366,3165,2290,,34,107,77,57,43,31,,6,24,23,28,39,91,,2,23,15,20,23,21,,,1,1,1,,,14,66,76,95,114,277,4,14,67,65,84,94,145,1,,2,2,1,1,4,37,147,173,285,416,780,19,73,214,193,277,348,480,1,1,3,3,2,6,,,,1,,3,,,,11,,1,,,,,,,,,,,,,,,,,1,,,,,8,11,29,91,15,37,151,2,9,9,20,41,51,2,13,9,28,43,108,1,,,1,,,1,1,1,2,8,1,1,3,22,258,29,39,840,128,85,2347,559,22,290,35,47,1241,192,121,5512,1162,3584,3330,3864,4950,6538,8218,9522,10798,11142,11434,11346,11526,11576,11632,11946,11842,12224,12330,12238,11724,10270,8642,6696,5534,28880,1,3,7,1,3,7,0,1,2,4,0,1,3,1,3,7,1,1,1,1,1,1,0,1,1,1,0,0,0,1,1,1,334,1216,3499
12/23/2015,31694,50,6,2942,13084,15745,,1,1,35,1,1,1,,,,,,5,,,,1,,3,31878,89241,111326,9374,19306,41391,22504,69935,69935,61974,297034,445633,18473,61095,209694,43501,235939,235939,18,161,14,62,31707,88390,109732,9203,18455,39797,22504,69935,69935,61787,295054,440553,18286,59115,204614,43501,235939,235939,17357,6119,2813,1776,939,1438,77,25,41204,14842,7994,5204,3371,8322,4235,1421,51473,18559,9794,6227,4120,9904,5433,3162,17313,6099,2816,1777,943,1431,74,24,40960,14731,7918,5179,3338,8279,4227,1410,51019,18335,9635,6173,4005,9792,5390,3134,0,51,0,264,38,1,327,1,898,139,3,988,6,2395,559,0,0,50,0,367,55,2,330,1,1503,239,8,995,6,5798,1290,0,2627,12078,13049,3107,18089,20040,2491,98,56,1,11553,346,280,2,11668,1003,592,6,2724,141,241,1,16509,552,1025,2,16689,1521,1823,6,131,542,1862,2089,2367,2962,4239,421,2096,3588,3200,2641,2479,2907,1,5,35,49,24,29,27,35,8689,10069,8247,6842,5568,3821,62,11039,11203,8285,6089,3572,2570,,39,123,87,66,46,37,1,3,21,20,27,38,74,1,4,18,22,20,27,30,,,,1,,1,1,8,69,78,102,132,285,5,16,65,70,86,89,145,1,,2,3,1,1,4,35,152,174,288,419,784,18,72,215,198,277,349,479,1,1,3,4,2,5,,,,,,3,,,,11,,,,,,,,,,,,,,,,,,,,,,,,7,10,36,94,11,45,157,4,6,12,24,43,52,4,7,12,33,45,112,,,,,,,,,0,2,8,0,1,3,8,264,38,42,889,138,91,2385,557,13,354,48,57,1443,215,131,5658,1185,3776,3542,3932,5022,6634,8264,9664,10756,11350,11580,11452,11332,11284,11502,11780,11760,11944,12028,12126,11742,10648,8658,6774,5350,28926,1,3,8,1,3,8,0,0,1,4,1,2,4,1,3,8,1,2,2,1,2,2,0,0,1,1,1,1,1,1,2,2,320,1234,3583
12/24/2015,31735,44,2,3054,14738,17501,,,,36,2,,,,,,1,,3,,,,,,1,28998,100211,121817,3317,19767,41373,25681,80444,80444,54678,345294,492642,4661,59338,206686,50017,285956,285956,12,150,9,59,28998,99496,119856,3317,19052,39412,25681,80444,80444,54605,343962,487520,4588,58006,201564,50017,285956,285956,17302,5059,2371,1381,797,1415,24,5,45757,16231,8806,5628,3856,9325,4935,1941,55332,19735,10573,6665,4557,10823,6199,3680,17296,5057,2369,1383,794,1414,22,4,45546,16160,8765,5627,3835,9307,4930,1931,54870,19516,10412,6610,4440,10715,6152,3654,0,44,0,78,11,1,323,1,860,130,3,1029,5,2261,534,0,0,44,0,91,12,1,325,1,1447,223,8,1039,5,5531,1250,0,2954,13696,14691,3119,20991,23101,2925,26,12,1,13116,347,283,2,13243,990,593,7,3055,38,25,1,19559,555,874,2,19743,1516,1834,7,131,542,1864,2091,2369,2969,4247,421,2097,3587,3200,2643,2485,2919,1,5,35,49,24,29,27,33,9982,11125,9073,7444,6100,4161,64,12750,12581,9203,6775,3916,2749,,43,133,89,69,49,41,,,5,7,10,19,25,,1,3,4,8,13,25,,,,,1,,1,8,67,78,96,138,273,5,11,61,67,76,90,150,1,,2,3,2,1,4,33,151,170,276,401,755,18,67,204,193,265,335,460,1,1,3,3,2,5,,,,,,6,,1,,3,,,,,,,,,,,,,,,,,,,,1,,,,3,4,34,89,5,46,156,0,4,11,23,41,49,0,5,11,35,43,113,,,,,,,,,0,1,8,0,1,3,7,75,11,49,850,129,95,2252,533,7,84,12,63,1383,201,134,5388,1145,3946,3474,3762,4498,6064,7834,9688,10820,11496,11692,11660,11584,11566,11332,11174,11052,11256,11228,11534,11302,10602,9218,7562,5848,28888,1,3,9,1,3,9,0,0,1,4,1,2,5,1,3,9,1,3,3,1,3,3,0,0,1,1,1,2,2,1,3,3,123,1184,3482
12/25/2015,31774,42,3,2988,15428,19074,,,,34,1,,,,,1,1,,1,,,,,,1,30544,104846,132250,576,17194,39415,29968,87652,92835,59458,367883,541895,367,47390,196848,59091,320493,345047,12,120,5,55,30544,104527,130445,576,16875,37610,29968,87652,92835,59438,366899,536777,347,46406,191730,59091,320493,345047,17635,5130,2507,1587,900,1807,14,2,47317,16649,9033,5995,4002,9923,5237,2227,60297,20941,11195,7302,4943,11921,6928,4267,17632,5129,2507,1589,899,1807,12,2,47144,16577,9015,5998,3981,9910,5233,2218,59842,20721,11025,7252,4826,11811,6882,4240,0,42,0,7,2,1,324,1,707,103,3,1068,5,2184,508,0,0,42,0,7,2,1,326,1,1120,174,8,1081,5,5270,1170,0,2925,14465,16188,3391,22199,26394,2925,3,3,0,13990,287,230,2,14826,953,581,7,3361,3,26,0,21131,443,622,2,23102,1452,1831,7,130,542,1864,2091,2370,2975,4252,421,2099,3592,3203,2650,2492,2923,1,5,35,49,24,29,27,28,10514,11463,9527,7780,6249,4201,51,13629,13144,9550,7108,3971,2650,1,44,129,96,71,50,38,,,1,,2,9,7,,1,6,4,7,7,4,,,,,,,1,8,60,56,81,122,238,4,12,59,56,70,88,128,1,,1,3,2,1,3,31,147,167,267,391,736,18,66,202,194,266,332,450,1,1,3,3,2,4,,,,,,2,,,1,3,,,,1,1,,1,,,,,,,,,,,,1,,,,,,3,33,84,6,46,151,1,2,10,24,38,48,1,5,10,36,40,111,,,,,,,,,0,1,8,0,1,3,0,7,2,39,697,103,90,2175,507,0,7,2,51,1068,162,127,5134,1067,4454,3620,3560,4140,5392,7364,9250,10484,11506,11824,11904,11398,11244,11208,11340,11624,11846,11942,11862,11570,10478,8644,6674,5144,28832,0,3,8,0,3,8,0,0,1,3,0,2,5,0,3,8,0,3,3,0,3,3,0,0,1,1,0,2,2,0,3,3,50,1048,3461
12/26/2015,31781,20,11,3221,15423,20326,,,,11,,,,,,,1,1,3,,,,,,3,34352,108701,144426,1098,14698,37435,33254,94003,106991,64928,377334,599086,1966,41103,191077,62962,336231,408009,10,121,9,60,34303,108480,142827,1049,14477,35836,33254,94003,106991,64889,376510,593956,1927,40279,185947,62962,336231,408009,20765,5908,2742,1758,862,1704,17,10,49616,16892,9305,6060,4236,9898,5426,2277,66376,22527,12176,7801,5488,12883,7766,4851,20756,5908,2742,1762,858,1706,17,8,49469,16831,9289,6061,4219,9892,5418,2271,65917,22305,12008,7745,5377,12767,7722,4825,0,20,0,29,7,1,306,1,604,88,3,1088,5,2121,489,0,0,20,0,35,8,1,309,1,969,148,8,1101,5,5051,1127,0,3159,14539,17708,3463,22381,29746,3150,5,2,0,14286,243,125,2,16545,918,560,7,3455,6,2,0,21587,373,418,2,26550,1392,1795,7,130,542,1865,2093,2371,2975,4253,421,2097,3589,3202,2653,2494,2926,1,5,35,49,24,29,27,23,10899,11479,9883,8177,6515,4310,45,14210,13360,9948,7454,4151,2698,1,53,134,108,78,57,41,,,4,4,3,5,7,,1,2,4,7,6,5,,,,,,,1,6,47,51,68,112,211,3,11,54,53,64,82,111,1,,1,2,2,1,3,30,143,165,254,382,713,18,65,199,195,261,327,443,1,1,3,3,2,4,,,,,,1,,1,,7,,,,,,,,,,,,,,,,,,,1,,1,,,,3,32,81,5,47,150,1,2,10,23,35,48,1,4,10,37,37,113,,,,,,,,,0,1,8,0,1,3,1,28,7,39,596,88,90,2113,488,1,34,7,49,919,136,126,4916,1025,3764,3176,3252,3652,4938,6662,8630,10250,11088,11570,11640,11596,11544,11452,11612,11816,12310,12240,12148,11782,11010,8948,7120,5790,28982,1,4,9,1,4,9,0,1,2,4,0,2,5,1,4,9,0,3,3,0,3,3,0,0,1,1,0,2,2,0,3,3,51,920,3434
12/27/2015,31807,28,2,3418,15806,22266,,1,,22,,,,,,,,,2,,,,,,1,37860,113357,155661,846,14520,37054,37014,98837,118607,73714,404264,664664,1709,40684,184650,72005,363580,480014,5,117,3,57,37860,113216,153989,846,14379,35382,37014,98837,118607,73697,403468,659539,1692,39888,179525,72005,363580,480014,22035,6767,3195,1924,1077,2098,21,4,52934,17943,9935,6328,4564,10721,5616,2536,71652,24268,13185,8484,5966,14385,8583,5563,22033,6768,3193,1925,1077,2099,19,4,52792,17883,9919,6328,4549,10718,5606,2531,71193,24053,13009,8434,5852,14271,8539,5535,0,28,0,47,11,1,301,1,593,92,3,1114,5,2071,474,0,0,28,0,55,12,1,300,1,965,154,8,1129,5,4874,1087,0,3381,15015,19706,3630,22770,33287,3350,16,4,0,14777,241,109,2,18481,886,544,7,3593,22,15,0,21995,381,391,2,30142,1355,1781,7,130,542,1864,2094,2372,2978,4260,421,2097,3592,3203,2657,2496,2931,1,5,35,49,24,29,27,23,11792,12078,10686,8881,6897,4534,42,15413,13877,10585,7968,4375,2827,1,63,143,113,86,65,43,,,1,5,7,6,23,1,1,4,2,7,5,7,,,,,,,1,6,47,51,65,109,213,3,12,55,54,65,75,100,1,,1,2,2,1,3,29,143,165,250,373,708,18,63,194,192,261,312,433,1,1,3,3,2,4,,,1,,,,,,,3,,,,,,,,,,,,,,,,,,,,,,,,2,1,31,81,1,46,145,1,0,9,23,36,47,1,0,9,37,37,108,,,,,,,,,0,1,8,0,1,3,2,46,9,38,587,91,90,2063,471,3,52,9,49,915,140,125,4740,984,3938,3362,3254,3792,4952,6868,8518,9714,10956,11670,11580,12036,11906,12292,12178,12354,12772,12652,12458,11800,10246,8404,6356,5088,29032,0,4,9,0,4,9,0,0,2,4,0,2,5,0,4,9,0,3,3,0,3,3,0,0,1,1,0,2,2,0,3,3,76,907,3391
12/28/2015,31861,62,9,3250,16470,23920,,,,59,,,,,,,,,2,,,,,,1,35361,120285,164313,658,14602,34908,34703,105683,129405,69580,431331,730336,1268,37969,182010,68312,393362,548326,4,88,4,50,35361,120145,162725,658,14462,33320,34703,105683,129405,69557,430567,725218,1245,37205,176892,68312,393362,548326,19908,6512,3098,1841,1033,2013,16,6,55503,18913,10528,6726,4738,11461,5891,2811,75201,25607,13983,8946,6445,15554,9499,6366,19908,6507,3098,1842,1032,2016,13,6,55365,18853,10513,6722,4728,11458,5880,2805,74740,25389,13808,8897,6332,15442,9449,6342,0,62,0,20,7,1,305,1,577,84,3,1171,5,2055,468,0,0,62,0,21,8,1,306,1,889,135,8,1191,5,4810,1063,0,3159,15573,21374,3449,23118,36697,3145,4,3,0,15359,224,104,2,20192,872,542,7,3440,4,5,0,22409,344,362,2,33575,1333,1780,7,130,542,1864,2093,2374,2983,4276,421,2098,3591,3206,2659,2504,2950,1,5,35,49,24,29,27,23,12562,12700,11339,9357,7175,4697,39,16528,14420,11034,8408,4625,3037,1,63,150,122,96,68,45,,1,2,6,3,9,20,,1,1,5,5,10,19,,,,,,,1,6,46,53,63,112,207,2,11,52,51,67,77,102,,,1,2,2,1,3,28,143,167,253,378,717,18,64,192,193,261,319,447,1,1,3,3,2,4,,,,,,1,,,,3,,,,,,,,,,,,,,,,,,,,,,,,1,1,28,81,3,46,144,0,1,9,20,36,47,0,3,9,37,37,107,,,,,,,,,0,1,8,0,1,3,0,20,7,38,569,83,89,2046,465,0,21,7,46,842,120,123,4678,959,3778,3462,3720,4682,6128,7702,9352,10656,11434,11850,11866,11738,11890,11988,11996,12148,12760,12706,12802,12000,10674,8856,6806,5076,29244,1,5,10,1,5,10,0,1,3,5,0,2,5,1,5,10,0,3,3,0,3,3,0,0,1,1,0,2,2,0,3,3,85,900,3412
12/29/2015,31903,43,2,3250,16671,25300,,1,,32,,2,,,,,,,6,,,,,,1,30716,119743,171525,1258,11553,34302,29458,108190,137223,62393,446725,775061,2752,31196,167094,59641,415529,607967,19,80,10,48,30716,119605,169571,1258,11415,32348,29458,108190,137223,62353,446326,769963,2712,30797,161996,59641,415529,607967,17627,5773,2764,1582,931,1849,24,11,56010,19403,10424,6791,4722,11647,6135,3073,77209,26638,14553,9339,6649,16315,10141,7031,17621,5772,2763,1584,928,1850,27,7,55940,19381,10425,6796,4715,11650,6133,3063,76742,26420,14381,9284,6538,16201,10102,6999,0,43,0,32,9,0,287,0,398,65,3,1211,2,1895,420,0,0,44,0,37,12,0,290,0,613,109,8,1235,2,4285,896,0,3173,16130,22966,3448,23607,39899,3164,19,4,0,16007,166,81,2,21885,828,499,7,3419,24,5,0,23047,238,319,2,36957,1273,1660,7,130,542,1867,2097,2378,2989,4280,420,2098,3594,3208,2657,2515,2958,1,5,35,49,24,29,27,21,12966,13000,11526,9506,7090,4563,35,17009,14534,11148,8520,4655,3014,1,65,148,119,98,70,43,,1,6,7,6,12,6,,1,4,3,4,9,9,,,,,,,1,3,35,42,50,92,145,2,10,34,42,54,67,93,,,,1,1,1,3,26,142,162,240,356,665,17,63,189,186,254,309,437,1,1,3,3,2,4,,,2,,,3,,,,7,,,,,,,,,,,,,,,,,,,,1,,,,3,3,21,73,3,34,127,2,1,9,13,33,42,2,1,9,25,34,93,,,,,,,,,0,0,8,0,0,3,0,32,9,17,393,64,84,1882,417,0,37,10,24,589,95,117,4159,818,3778,3442,3592,4710,6162,7882,9564,10724,11526,11916,11850,11758,11458,11962,12042,12544,12558,12836,12558,11822,10544,8562,6480,5106,29270,0,4,10,0,4,10,0,0,2,5,0,2,5,0,4,10,0,2,3,0,2,3,0,0,0,1,0,2,2,0,2,3,76,693,3240
12/30/2015,31923,26,6,3250,16823,26900,,,,21,,1,,,,,,,,,,,,,,28449,116104,176343,1017,5503,32908,27432,110601,143435,55502,440253,823893,1719,14442,162143,53783,425811,661750,10,72,10,48,28449,116104,174909,1017,5503,31474,27432,110601,143435,55489,440028,819173,1706,14217,157423,53783,425811,661750,16726,5331,2483,1397,786,1508,15,4,54446,18430,9798,6630,4546,11237,6136,3183,79700,27630,14956,9645,6893,16988,10733,7679,16724,5329,2483,1401,782,1508,16,3,54418,18423,9795,6646,4534,11238,6135,3175,79215,27417,14797,9598,6795,16893,10695,7650,0,26,0,60,20,0,261,0,215,56,3,1242,2,1850,407,0,0,26,0,65,22,0,266,0,311,76,6,1261,2,4119,856,0,3159,16414,24562,3496,23996,43348,3140,10,12,0,16385,83,40,1,23451,814,488,6,3458,10,28,0,23781,107,106,1,40413,1253,1674,6,130,542,1867,2097,2379,2989,4289,420,2098,3591,3209,2660,2517,2965,1,5,35,49,24,29,27,9,13110,12517,11253,9300,6733,4211,24,16939,13756,10563,8252,4363,2800,1,67,140,111,99,64,37,,1,4,5,5,10,28,,,3,3,5,7,8,,,,,,,,1,19,28,28,65,102,1,6,19,23,41,51,76,,,,,1,,3,26,141,161,230,347,644,17,62,182,178,249,303,435,1,1,3,3,2,3,,,,,,2,,,,8,,,,,,,,,,,,,,,,,,,,,,,,,2,13,72,3,26,121,0,2,5,9,31,42,0,3,5,21,32,89,,,,,,,,,0,0,6,0,0,3,3,59,19,13,209,55,82,1837,403,3,62,21,14,297,68,116,3995,779,3802,3406,3792,4724,6132,7868,9500,10596,11472,11902,11966,11804,11786,11790,11984,12162,12480,12492,12652,11982,10716,8866,7010,5278,29224,0,3,9,0,3,9,0,0,2,5,0,1,4,0,3,9,0,1,3,0,1,3,0,0,0,1,0,1,2,0,1,3,92,479,3221
12/31/2015,31935,17,5,3708,17229,28826,,,,13,,,,,,,,,,,,,,,1,36125,118838,185367,956,3765,33155,35169,115073,152212,73747,459322,890052,1433,11214,155988,72314,448108,734064,15,75,10,50,36125,118838,183936,956,3765,31724,35169,115073,152212,73720,459143,885842,1406,11035,151778,72314,448108,734064,20083,6895,3208,1990,1073,2313,17,5,54489,18790,10310,6726,4630,11823,6555,3350,,,,,,,,,20081,6894,3208,1992,1072,2314,16,3,54465,18784,10309,6738,4618,11831,6551,3342,,,,,,,,,0,17,0,47,9,0,233,0,182,54,2,1245,2,1796,393,0,0,17,0,50,10,0,239,0,270,74,4,1272,2,3982,814,0,3636,16936,26401,4038,24915,47304,3624,4,8,0,16927,59,36,0,25242,800,473,5,4020,4,14,0,24746,73,95,0,44430,1220,1647,5,130,541,1866,2096,2380,2988,4294,420,2097,3590,3210,2661,2524,2967,1,5,36,49,24,29,27,,,,,,,,,,,,,,,,,,,,,,,,,,,,,,,,,,,,,,,,,,,,,,,,,,,,,,,,,,,,,,,,,,,,,,,,,,,,,,,,,,1,,,,,5,,,,5,1,,,,,,,,,,,,2,,1,,,,2,,,,,1,3,13,72,3,24,121,1,2,6,7,31,42,1,2,6,18,32,89,,,,,,,,,0,0,0,0,0,0,2,47,8,7,180,53,82,1782,390,2,48,9,9,261,65,115,3862,738,4012,3580,3836,4510,6090,7690,9258,10568,11344,11822,11766,11618,11870,11806,12104,12784,12416,12534,12544,12426,11792,11130,10088,7146,29308,1,3,10,1,3,10,0,1,3,6,0,0,4,1,3,10,0,0,3,0,0,3,0,0,0,1,0,0,2,0,0,3,67,420,3154
1/1/2016,31946,12,3,3900,18216,30624,1,,,6,,2,,,,,,,,,,,,,1,41922,125820,199944,3173,6133,35368,38749,119687,164576,87471,487335,972949,4495,15342,155909,82976,471993,817040,5,68,4,49,41850,125820,198330,3101,6133,33754,38749,119687,164576,87451,487156,968967,4475,15163,151927,82976,471993,817040,23101,8010,3928,2384,1397,2717,28,9,55743,19951,10928,7234,5016,12578,6993,3595,,,,,,,,,23098,8010,3928,2385,1396,2718,29,7,55714,19948,10927,7246,5004,12588,6992,3584,,,,,,,,,0,12,0,193,47,0,206,0,330,88,2,1232,2,1830,403,0,0,12,0,204,50,0,209,0,467,122,4,1260,2,4066,832,0,3672,17764,28281,4282,25806,51527,3636,44,9,0,17653,94,42,0,27034,816,466,5,4206,57,19,0,25591,127,88,0,48633,1237,1650,5,129,539,1868,2097,2379,2989,4299,417,2098,3590,3208,2661,2531,2968,1,5,36,49,24,29,27,,,,,,,,,,,,,,,,,,,,,,,,,,,,,,,,,,,,,,,,,,,,,,,,,,,,,,,,,,,,,,,,,,,,,,,,,,,,,,,,,,,,,,,,,,,4,,,,,,,,,,,,,,,,,,,1,,,,,2,3,14,73,3,21,121,3,0,8,6,34,40,3,0,8,13,35,86,,,,,,,,,0,0,0,0,0,0,10,191,46,17,327,87,90,1813,400,12,192,49,21,446,112,126,3935,757,5434,4296,3698,3914,4500,6380,8466,10064,11154,12154,12154,12262,12126,12072,12076,12178,12578,12570,12268,11846,10848,8940,6860,5402,29170,0,3,10,0,3,10,0,0,3,6,0,0,4,0,3,10,0,0,3,0,0,3,0,0,0,1,0,0,2,0,0,3,212,543,3145
1/2/2016,31960,20,6,3900,18666,32362,,1,,12,1,,,,,,1,,3,,1,,,,,40901,129210,210351,1447,7034,36549,39454,122176,173802,92556,514963,1063237,1836,15212,155477,90720,499751,907760,2,60,2,43,40901,129210,209525,1447,7034,35723,39454,122176,173802,92545,514812,1059278,1825,15061,151518,90720,499751,907760,22586,7943,3999,2625,1537,3230,29,4,55161,20437,11379,7630,5187,13391,7542,3882,,,,,,,,,22585,7943,3999,2626,1536,3233,27,3,55141,20433,11377,7641,5177,13401,7541,3871,,,,,,,,,0,20,0,55,10,0,208,0,357,92,2,1247,2,1835,411,0,0,21,0,59,11,0,210,0,491,125,4,1261,2,4073,827,0,3867,18192,30011,4456,26799,55968,3860,15,0,0,17982,105,40,0,28646,820,464,4,4437,19,0,0,26573,140,86,0,53068,1247,1647,4,129,538,1868,2097,2379,2990,4301,417,2099,3592,3212,2663,2534,2969,1,5,36,49,24,29,27,,,,,,,,,,,,,,,,,,,,,,,,,,,,,,,,,,,,,,,,,,,,,,,,,,,,,,,,,,,,,,,,,,,,,,,,,,,,,,,,,,,,,,,,,,,2,,,,,,,,,,,,,,,,,,,,,,,,18,3,15,75,3,19,124,1,2,8,7,35,41,1,2,8,11,36,88,,,,,,,,,0,0,0,0,0,0,1,55,10,17,355,91,89,1820,407,1,58,11,21,470,116,125,3943,753,4044,3460,3362,3792,5050,6790,8754,10148,11076,11508,11464,11636,11404,11370,11560,12096,12206,12352,12264,11870,10724,8992,7466,5926,29194,0,2,9,0,2,9,0,0,2,6,0,0,3,0,2,9,0,0,3,0,0,3,0,0,0,1,0,0,2,0,0,3,76,572,3126
1/3/2016,31966,12,6,3660,18651,34285,,,,,,,,,,,,,,,,,,,,41692,126891,218825,527,6373,34848,41165,120518,183977,87994,529243,1149928,492,13995,154666,87502,515248,995262,,,,,41692,126891,217931,527,6373,33954,41165,120518,183977,87968,529083,1145953,466,13835,150691,87502,515248,995262,,,,,,,,,,,,,,,,,,,,,,,,,,,,,,,,,,,,,,,,,,,,,,,,,0,12,0,16,1,0,193,0,347,85,2,1240,2,1833,404,0,0,12,0,16,1,0,194,0,452,114,4,1242,2,4047,815,0,3642,18190,31952,4361,27530,60310,3636,6,3,1,18082,98,39,1,30554,822,464,5,4334,8,18,1,27314,126,89,1,57396,1248,1659,5,,,,,,,,,,,,,,,,,,,,,,,,,,,,,,,,,,,,,,,,,,,,,,,,,,,,,,,,,,,,,,,,,,,,,,,,,,,,,,,,,,,,,,,,,,,,,,,,,,,,,,,,,,,,,,,,,,,,,,,,,,,,,,,,,,,,,,,,,0,14,75,0,18,123,0,0,7,7,35,41,0,0,7,11,36,87,,,,,,,,,0,0,0,0,0,0,0,16,1,15,344,85,89,1818,401,0,16,1,18,434,108,125,3917,742,4212,3548,3450,3640,4770,6614,8456,9728,10704,11350,11630,12122,12078,12268,12526,12602,12984,13018,12794,11982,10502,8464,6476,4900,29252,1,3,10,1,3,10,0,0,2,6,1,1,4,1,3,10,1,1,4,1,1,4,0,0,0,1,1,1,3,1,1,4,28,546,3136
1/4/2016,31982,17,1,4010,19394,36484,,,,,,,,,,,,,,,,,,,,41722,130557,230143,502,5649,33332,41220,124908,196811,86191,545854,1222058,646,13373,141251,85545,532481,1080807,,,,,41722,130557,229223,502,5649,32412,41220,124908,196811,86156,545682,1218117,611,13201,137310,85545,532481,1080807,,,,,,,,,,,,,,,,,,,,,,,,,,,,,,,,,,,,,,,,,,,,,,,,,0,17,0,12,4,0,148,0,342,82,2,1220,2,1639,348,0,0,17,0,12,5,0,149,0,443,111,4,1217,2,3669,729,0,3954,18988,34418,4672,28753,64866,3954,2,2,0,18869,96,38,1,33172,759,446,4,4665,2,5,0,28539,124,89,1,62057,1171,1632,4,,,,,,,,,,,,,,,,,,,,,,,,,,,,,,,,,,,,,,,,,,,,,,,,,,,,,,,,,,,,,,,,,,,,,,,,,,,,,,,,,,,,,,,,,,,,,,,,,,,,,,,,,,,,,,,,,,,,,,,,,,,,,,,,,,,,,,,,,1,15,69,1,16,114,0,1,7,8,34,36,0,1,7,9,35,79,,,,,,,,,0,0,0,0,0,0,1,11,3,16,338,82,87,1623,344,1,11,4,19,424,105,122,3542,658,3642,3402,3910,5026,6512,8118,9428,10324,10926,11358,11590,11516,11530,11852,11806,12196,12620,12596,12852,11886,10524,8350,6408,4730,29238,0,2,10,0,2,10,0,0,1,6,0,1,4,0,2,10,0,1,4,0,1,4,0,0,0,1,0,1,3,0,1,4,31,506,2888
1/5/2016,32004,27,5,4173,19837,38036,,,,,,,,,,,,,,,,,,,,42138,138811,236416,1440,6617,31382,40698,132194,205034,87977,571438,1297188,2636,13257,131040,85341,558181,1166148,,,,,42138,138811,235445,1440,6617,30411,40698,132194,205034,87933,571262,1293270,2592,13081,127122,85341,558181,1166148,,,,,,,,,,,,,,,,,,,,,,,,,,,,,,,,,,,,,,,,,,,,,,,,,0,27,0,43,21,0,132,0,349,94,2,1214,2,1586,326,0,0,28,0,52,26,0,133,0,458,125,4,1212,2,3427,665,0,4142,19340,35943,4710,30015,69461,4142,10,2,0,19278,87,35,1,34792,733,428,4,4673,19,18,0,29793,119,102,1,66716,1131,1608,4,,,,,,,,,,,,,,,,,,,,,,,,,,,,,,,,,,,,,,,,,,,,,,,,,,,,,,,,,,,,,,,,,,,,,,,,,,,,,,,,,,,,,,,,,,,,,,,,,,,,,,,,,,,,,,,,,,,,,,,,,,,,,,,,,,,,,,,,,0,12,64,0,13,107,0,0,5,7,31,34,0,0,5,8,32,75,,,,,,,,,0,0,0,0,0,0,1,43,21,16,346,94,85,1569,322,1,51,25,20,438,120,121,3301,609,,,,,,,,,,,,,,,,,,,,,,,,,,0,2,10,0,2,10,0,0,1,6,0,1,4,0,2,10,0,1,4,0,1,4,0,0,0,1,0,1,3,0,1,4,82,504,2815
1/6/2016,32031,30,3,4135,20202,39686,,,,,,,,,,,,,,,,,,,,42621,144860,248144,1640,7326,29840,40981,137534,218304,86816,602752,1377835,2991,14529,127862,83825,588223,1249973,,,,,42621,144860,247075,1640,7326,28771,40981,137534,218304,86779,602552,1373909,2954,14329,123936,83825,588223,1249973,,,,,,,,,,,,,,,,,,,,,,,,,,,,,,,,,,,,,,,,,,,,,,,,,0,30,0,61,17,0,136,0,356,89,2,1205,2,1573,319,0,0,30,0,65,19,0,137,0,458,122,4,1194,2,3359,656,0,4039,19646,37503,4815,31334,74231,4032,10,3,0,19559,88,27,1,36373,727,426,4,4756,16,43,0,31091,125,117,1,71463,1124,1638,4,,,,,,,,,,,,,,,,,,,,,,,,,,,,,,,,,,,,,,,,,,,,,,,,,,,,,,,,,,,,,,,,,,,,,,,,,,,,,,,,,,,,,,,,,,,,,,,,,,,,,,,,,,,,,,,,,,,,,,,,,,,,,,,,,,,,,,,,,4,14,61,5,15,106,0,4,5,9,27,35,0,5,5,10,27,79,,,,,,,,,0,0,0,0,0,0,0,61,17,14,353,89,84,1556,315,0,65,18,17,441,117,114,3240,600,,,,,,,,,,,,,,,,,,,,,,,,,,1,3,10,1,3,10,0,1,2,6,0,1,4,1,3,10,0,1,4,0,1,4,0,0,0,1,0,1,3,0,1,4,93,503,2780
1/7/2016,32044,16,3,2184,19385,40324,,,,,,,,,,,,,,,,,,,,27478,143549,252525,4585,11214,30338,22893,132335,222187,47543,576548,1418785,7643,20739,128912,39900,555809,1289873,,,,,27478,143549,251418,4585,11214,29231,22893,132335,222187,47508,576340,1414894,7608,20531,125021,39900,555809,1289873,,,,,,,,,,,,,,,,,,,,,,,,,,,,,,,,,,,,,,,,,,,,,,,,,0,16,0,234,37,0,135,0,512,112,2,1157,2,1650,329,0,0,16,0,250,41,0,136,0,658,153,4,1150,2,3392,647,0,1967,18851,38171,2189,29485,76290,1905,41,18,0,18712,126,37,1,37144,734,425,4,2110,53,26,0,29181,174,129,1,73566,1137,1581,4,,,,,,,,,,,,,,,,,,,,,,,,,,,,,,,,,,,,,,,,,,,,,,,,,,,,,,,,,,,,,,,,,,,,,,,,,,,,,,,,,,,,,,,,,,,,,,,,,,,,,,,,,,,,,,,,,,,,,,,,,,,,,,,,,,,,,,,,,6,17,66,6,18,111,3,3,7,10,30,37,3,3,7,11,30,81,,,,,,,,,0,0,0,0,0,0,5,232,36,18,508,112,86,1632,326,6,244,39,21,637,147,117,3270,595,,,,,,,,,,,,,,,,,,,,,,,,,,0,2,10,0,2,10,0,0,1,6,0,1,4,0,2,10,0,1,4,0,1,4,0,0,0,1,0,1,3,0,1,4,260,650,2792
