Column1,Permalink,Post Message,Type,Countries,Languages,Posted,Lifetime Post Total Reach,Lifetime Post organic reach,Lifetime Post Paid Reach,Lifetime Post Total Impressions,Lifetime Post Organic Impressions,Lifetime Post Paid Impressions,Lifetime Engaged Users,Lifetime Talking About This (Post) by action type - comment,Lifetime Talking About This (Post) by action type - like,Lifetime Talking About This (Post) by action type - share,Lifetime Post Stories by action type - comment,Lifetime Post Stories by action type - like,Lifetime Post Stories by action type - share,Lifetime Post Consumers,Lifetime Post Consumptions,Lifetime Post consumers by type - link clicks,Lifetime Post consumers by type - other clicks,Lifetime Post consumers by type - photo view,Lifetime Post Consumptions by type - link clicks,Lifetime Post Consumptions by type - other clicks,Lifetime Post Consumptions by type - photo view,Lifetime Negative feedback,Lifetime Negative Feedback from Users,Lifetime Negative feedback - hide_all_clicks,Lifetime Negative feedback - hide_clicks,Lifetime Negative feedback - report_spam_clicks,Lifetime Negative Feedback from Users by Type - hide_all_clicks,Lifetime Negative Feedback from Users by Type - hide_clicks,Lifetime Negative Feedback from Users by Type - report_spam_clicks,Lifetime Post Impressions by people who have liked your Page,Lifetime Post reach by people who like your Page,Lifetime Post Paid Impressions by people who have liked your Page,Lifetime Paid reach of a post by people who like your Page,Lifetime People who have liked your Page and engaged with your post,Lifetime Average time video viewed,Lifetime Organic views to 95%,Lifetime Organic views to 95%2,Lifetime Paid views to 95%,Lifetime Paid views to 95%3,Lifetime Video length,Lifetime Organic Video Views,Lifetime Organic Video Views4,Lifetime Paid Video Views,Lifetime Paid Video Views5
21444503120_10153415166423121,https://www.facebook.com/HireHeroesUSA/posts/10153415166423121,Enhance your resume or LinkedIn profile with new free training programs and opportunities from our partners.,Link,,,1/7/2016 13:47,58,58,0,114,114,0,1,,1,,,1,,0,0,,,,,,,0,0,,,,,,,112,56,0,0,1,0,0,0,0,0,0,0,0,0,0
21444503120_10153414955633121,https://www.facebook.com/HireHeroesUSA/posts/10153414955633121:0,"Hire Heroes USA will be teaching a transition workshop at Fort Carson, CO January 26-27. Registration is open to all military, veterans and their spouses.  Take the first steps in a successful career transition and register today http://hubs.ly/H01LmxQ0 #HHUSA",Photo,,,1/7/2016 11:12,723,723,0,1116,1116,0,33,,29,11,,29,11,4,5,,2,3,,2,3,0,0,,,,,,,1047,679,0,0,33,0,,,,,0,,,,
21444503120_10153414663293121,https://www.facebook.com/HireHeroesUSA/posts/10153414663293121:0,A sentinel assigned to 3rd U.S. Infantry Regiment aka &quot;The Old Guard&quot; stands guard at the Tomb of the Unknown Soldier in Arlington National Cemetery during the first snow of 2015. #ThrowbackThursday,Photo,,,1/7/2016 8:06,5310,5310,0,7959,7959,0,384,8,322,47,9,321,46,87,114,2,66,28,2,77,35,3,3,1,2,,1,2,,5488,3482,0,0,326,0,,,,,0,,,,
21444503120_10153413344413121,https://www.facebook.com/HireHeroesUSA/posts/10153413344413121:0,"Join Hire Heroes USA at Fort Belvoir, VA on January 26-27 for a free transition workshop.  This is open to all transitioning military, veterans and their spouses.  Register today http://hubs.ly/H01LmMm0",Photo,,,1/6/2016 13:55,776,776,0,1157,1157,0,48,,40,14,,40,14,9,12,1,4,4,1,7,4,1,1,,1,,,1,,1031,713,0,0,46,0,,,,,0,,,,
21444503120_10153413138388121,https://www.facebook.com/HireHeroesUSA/posts/10153413138388121,ICYMI: Our President and CEO Brian Stann was named one of 25 veterans poised for success in 2016. Congratulations Brian!,Link,,,1/6/2016 11:12,3023,3023,0,4660,4660,0,123,,84,9,,84,9,47,54,33,14,,38,16,,4,4,2,2,,2,2,,2492,1707,0,0,91,0,0,0,0,0,0,0,0,0,0
21444503120_10153411673523121,https://www.facebook.com/HireHeroesUSA/posts/10153411673523121,A successful transition from the military to a civilian career starts with Hire Heroes USA. Learn more and register online.,Link,,,1/5/2016 16:00,277,277,0,378,378,0,13,,10,2,,11,2,2,3,1,1,,1,2,,0,0,,,,,,,326,237,0,0,11,0,0,0,0,0,0,0,0,0,0
21444503120_10153411507238121,https://www.facebook.com/HireHeroesUSA/posts/10153411507238121:0,"Hire Heroes USA will be at Fort Hood, TX January 20-21 teaching a transition workshop. This workshop is open to transitioning military, veterans or their spouses.  Register today and take the first steps to finding a new career http://hubs.ly/H01LmLW0.",Photo,,,1/5/2016 13:56,870,870,0,1401,1401,0,39,,28,14,,28,14,6,7,1,5,,1,6,,0,0,,,,,,,1074,699,0,0,34,0,,,,,0,,,,
21444503120_10153411291053121,https://www.facebook.com/HireHeroesUSA/posts/10153411291053121,Now you can earn industry-recognized training and certifications from Shaw Academy and Flatiron School for free. Visit our website for details.,Link,,,1/5/2016 11:10,817,817,0,1225,1225,0,24,,16,8,,16,8,5,6,4,1,,4,2,,1,2,,1,,,2,,676,463,0,0,15,0,0,0,0,0,0,0,0,0,0
21444503120_10153409091028121,https://www.facebook.com/HireHeroesUSA/posts/10153409091028121:0,"Transitioning military and veterans, apply to go on a free coast-to-coast adventure with Roadtrip Nation and the USO to hear the incredible stories of veterans thriving in the civilian workforce. http://hubs.ly/H01Fhtl0",Photo,,,1/4/2016 8:13,329,329,0,482,482,0,11,,10,2,,10,2,2,2,1,,1,1,,1,1,1,,1,,,1,,455,305,0,0,11,0,,,,,0,,,,
21444503120_10153405555608121,https://www.facebook.com/HireHeroesUSA/posts/10153405555608121,"We’ve partnered with Shaw Academy and Flatiron School to offer free, industry-recognized certifications to transitioning military members, veterans and spouses. Get started today!",Link,,,1/2/2016 12:30,620,620,0,888,888,0,38,1,27,3,1,27,3,16,22,10,8,,12,10,,2,2,1,1,,1,1,,807,565,0,0,38,0,0,0,0,0,0,0,0,0,0
21444503120_10153403765558121,https://www.facebook.com/HireHeroesUSA/posts/10153403765558121:0,Happy New Year from Hire Heroes USA. Our New Year’s Resolution is to help even more veterans and military spouses find jobs. What’s yours?,Photo,,,1/1/2016 11:10,3566,3566,0,5368,5368,0,262,9,226,52,10,228,54,56,73,,50,9,,63,10,3,3,2,1,,2,1,,3963,2711,0,0,239,0,,,,,0,,,,
21444503120_10153401442858121,https://www.facebook.com/HireHeroesUSA/posts/10153401442858121:0,"Thank you to all of you who donated this year.  We could not have been successful without you http://hubs.ly/H01FcQV0.  From our team to you and your family, Happy New Year!  If you are still needing to get those last minute tax deductible donations in, donate here to help veterans in 2016 http://hubs.ly/H01FcQW0",Photo,,,12/31/2015 11:08,520,520,0,793,793,0,29,3,24,2,3,24,2,9,10,2,4,3,2,5,3,3,3,2,1,,2,1,,715,460,0,0,29,0,,,,,0,,,,
21444503120_10153399494788121,https://www.facebook.com/HireHeroesUSA/posts/10153399494788121:0,"Thank you to everyone who donated to Hire Heroes USA in 2015.  Your donations helped change the lives of over 3,000 veterans and their spouses by giving them the gift of employment http://hubs.ly/H01FcR00.  Well Done!  There is still work to be done and it is not too late to get your donation in before the new year.  Donate today http://hubs.ly/H01FcR10",Photo,,,12/30/2015 13:54,1374,1374,0,2063,2063,0,107,3,86,25,3,87,25,28,30,,13,16,,13,17,1,2,,1,,,2,,1788,1177,0,0,101,0,,,,,0,,,,
21444503120_10153397757753121,https://www.facebook.com/HireHeroesUSA/posts/10153397757753121,Enhance your resume or LinkedIn profile with new free training programs and opportunities from our partners.,Link,,,12/29/2015 15:30,227,227,0,324,324,0,2,,2,1,,2,1,0,0,,,,,,,0,0,,,,,,,262,172,0,0,2,0,0,0,0,0,0,0,0,0,0
21444503120_10153397484158121,https://www.facebook.com/HireHeroesUSA/posts/10153397484158121:0,"Transitioning military and veterans, apply to go on a free coast-to-coast adventure with Roadtrip Nation and the USO to hear the incredible stories of veterans thriving in the civilian workforce. http://hubs.ly/H01FhNX0",Photo,,,12/29/2015 12:00,544,544,0,801,801,0,19,,16,8,,16,8,1,1,,,1,,,1,0,0,,,,,,,709,473,0,0,18,0,,,,,0,,,,
21444503120_10153397079243121,https://www.facebook.com/HireHeroesUSA/posts/10153397079243121:0,Your donation to Hire Heroes USA will turn obstacles into opportunities for veterans and their spouses in 2016.  Give the gift of employment today by donating today. http://hubs.ly/H01Dnsj0,Photo,,,12/29/2015 8:09,625,625,0,889,889,0,18,,13,6,,13,6,4,4,,1,3,,1,3,1,1,1,,,1,,,656,476,0,0,18,0,,,,,0,,,,
21444503120_10153395247993121,https://www.facebook.com/HireHeroesUSA/posts/10153395247993121,Start 2016 off right by looking good in a new AWEARNESS Kenneth Cole suit.  Kenneth Cole Productions will donate 1% of gross margin from all AWEARNESS Kenneth Cole products sold at Men’s Wearhouse to support the services needed to help our veteran's transition back into the workforce.,Link,,,12/28/2015 8:15,154,154,0,219,219,0,2,,2,1,,2,1,0,0,,,,,,,0,0,,,,,,,163,109,0,0,2,0,0,0,0,0,0,0,0,0,0
21444503120_10153393971238121,https://www.facebook.com/HireHeroesUSA/posts/10153393971238121:0,"Professionally written résumé can cost over $100, but because of your donations we are able to provide this FREE for transitioning service members, veterans, and their spouses.  Donate today and provide our nation’s heroes’ with the tools they need for civilian success. http://hubs.ly/H01D7Sk0",Photo,,,12/27/2015 13:50,576,576,0,942,942,0,36,1,23,5,1,24,5,15,21,1,12,3,1,17,3,0,0,,,,,,,698,460,0,0,33,0,,,,,0,,,,
21444503120_10153391984063121,https://www.facebook.com/HireHeroesUSA/posts/10153391984063121,"You’ve served your country proudly. But now that your service has ended, how do you decide what’s next? Hit the road this spring with Roadtrip Nation and the USO to discover the possibilities.",Link,,,12/26/2015 13:48,1709,1709,0,2653,2653,0,80,2,48,5,2,47,5,38,51,26,21,,26,25,,3,3,1,2,,1,2,,1390,858,0,0,54,0,0,0,0,0,0,0,0,0,0
21444503120_10153391754718121,https://www.facebook.com/HireHeroesUSA/posts/10153391754718121:0,Make a difference in the lives of our nation’s heroes and their families this holiday season by donating today. http://hubs.ly/H01D7xF0  This is how your donation will impact their lives……,Photo,,,12/26/2015 11:04,642,642,0,992,992,0,26,,24,6,,26,6,1,1,,,1,,,1,1,1,,1,,,1,,748,457,0,0,24,0,,,,,0,,,,
21444503120_10153385137838121,https://www.facebook.com/HireHeroesUSA/posts/10153385137838121:0,"The Hire Heroes USA offices will be closed December 24, 2015 through January 3, 2016. We will resume normal operations on Monday, January 4. We hope you and your family have a Merry Christmas and a Happy New Year.",Photo,,,12/23/2015 16:00,878,878,0,1449,1449,0,37,1,29,6,1,30,6,7,11,,6,2,,7,4,1,1,,1,,,1,,1107,687,0,0,33,0,,,,,0,,,,
21444503120_10153381694768121,https://www.facebook.com/HireHeroesUSA/posts/10153381694768121,"Our team members in Auburn, WA, along with the rest of us at Hire Heroes USA, wish you Happy Holidays!",Photo,,,12/23/2015 13:33,2823,2823,0,4252,4252,0,203,5,134,7,5,140,7,88,132,,47,49,,78,54,3,3,1,2,,1,2,,3427,2276,0,0,174,0,,,,,0,,,,
21444503120_10153384536073121,https://www.facebook.com/HireHeroesUSA/posts/10153384536073121:0,"When you donate $10, you provide a transitioning service member, veteran or spouse with a critical career counseling session that will pave the way for their success in the civilian workforce.  Give back this holiday season by providing for their future. http://hubs.ly/H01D7Rq0",Photo,,,12/23/2015 11:11,372,372,0,588,588,0,6,,4,1,,4,1,2,2,,,2,,,2,2,2,1,1,,1,1,,479,306,0,0,6,0,,,,,0,,,,
21444503120_10153384132073121,https://www.facebook.com/HireHeroesUSA/posts/10153384132073121,WATM named Hire Heroes USA President and CEO Brian Stann one of the Mighty 25 veterans poised for impact in 2016 for his work leading Hire Heroes USA. Click to read the full article.,Link,,,12/23/2015 10:33,8122,8122,0,12028,12028,0,232,5,132,19,5,136,20,120,146,85,49,2,88,56,2,6,6,,6,,,6,,6904,4227,0,0,185,0,0,0,0,0,0,0,0,0,0
21444503120_10153384122038121,https://www.facebook.com/HireHeroesUSA/posts/10153384122038121,Become a better job candidate with new training programs offered through Hire Heroes USA.,Link,,,12/23/2015 8:13,844,844,0,1225,1225,0,41,2,26,8,2,26,8,17,21,9,8,2,9,10,2,2,2,2,,,2,,,800,580,0,0,38,0,0,0,0,0,0,0,0,0,0
21444503120_10153383762163121,https://www.facebook.com/HireHeroesUSA/posts/10153383762163121,"Good morning talk radio listeners! Switch over to KGAB at 9am EST, 7am MST as Brian Stann joins U.S. Army veteran Gary Freeman to discuss Hire Heroes USA.",Link,,,12/23/2015 4:30,786,786,0,1261,1261,0,33,1,25,8,1,25,8,9,10,6,4,,6,4,,0,0,,,,,,,915,595,0,0,32,0,0,0,0,0,0,0,0,0,0
21444503120_10153382587908121,https://www.facebook.com/HireHeroesUSA/posts/10153382587908121,"Service members meet significant obstacles when transitioning to the civilian work force, but your donations help turn those obstacles into opportunities http://hubs.ly/H01FWYm0.  By donating today, you can create more opportunities for veterans in need.  Give back this Christmas and donate now http://hubs.ly/H01FWYn0",Link,,,12/22/2015 16:00,163,163,0,254,254,0,3,,2,1,,2,1,1,1,,1,,,1,,0,0,,,,,,,145,96,0,0,3,0,0,0,0,0,0,0,0,0,0
21444503120_10153382403993121,https://www.facebook.com/HireHeroesUSA/posts/10153382403993121,Now you can earn industry-recognized training and certifications from Shaw Academy and Flatiron School for free. Visit our website for details.,Link,,,12/22/2015 13:56,243,243,0,336,336,0,6,,4,2,,4,2,2,2,2,,,2,,,0,0,,,,,,,289,204,0,0,6,0,0,0,0,0,0,0,0,0,0
21444503120_10153382155998121,https://www.facebook.com/HireHeroesUSA/posts/10153382155998121,Tune in tomorrow morning as our President and CEO Brian Stann joins KGAB Mornings with Gary Freeman to discuss Hire Heroes USA. This conversation between two U.S. military veterans is one you won’t want to miss.,Link,,,12/22/2015 11:06,992,992,0,1484,1484,0,50,1,41,7,1,41,7,11,12,6,6,,6,6,,1,1,,1,,,1,,1342,879,0,0,47,0,0,0,0,0,0,0,0,0,0
21444503120_10153381925733121,https://www.facebook.com/HireHeroesUSA/posts/10153381925733121:0,"This time of year is for all kinds of celebrations. We want to congratulate Kwami, our Plano, TX Office Manager, on graduating from The University of Texas at Dallas with his Master of Public Administration last week. Way to go Kwami!",Photo,,,12/22/2015 9:30,4487,4487,0,6999,6999,0,298,19,226,14,21,227,14,104,153,,90,25,,123,30,14,14,4,10,,4,10,,4431,2859,0,0,227,0,,,,,0,,,,
21444503120_10153381823743121,https://www.facebook.com/HireHeroesUSA/posts/10153381823743121:0,"The first day of winter is upon us, and the Hire Heroes USA team is all cozy in the office with a cup of cocoa.",Photo,,,12/22/2015 8:15,995,995,0,1428,1428,0,65,5,54,11,6,53,11,14,18,,10,4,,12,6,1,1,,1,,,1,,1090,754,0,0,60,0,,,,,0,,,,
21444503120_10153380206763121,https://www.facebook.com/HireHeroesUSA/posts/10153380206763121,"We’ve partnered with Shaw Academy and Flatiron School to offer free, industry-recognized certifications to transitioning military members, veterans and spouses. Get started today!",Link,,,12/21/2015 13:52,1333,1333,0,2122,2122,0,55,1,34,13,1,34,13,23,34,16,11,,20,14,,3,3,,3,,,3,,1496,966,0,0,49,0,0,0,0,0,0,0,0,0,0
21444503120_10153379939703121,https://www.facebook.com/HireHeroesUSA/posts/10153379939703121,"When you donate to Hire Heroes USA, you provide opportunities at no cost for transitioning military members, veterans and their spouses.  One such opportunity is to attend a career transition workshop where they learn valuable skills to obtain employment. Give the gift of employment and donate today http://hubs.ly/H01D7vw0",Link,,,12/21/2015 11:11,237,237,0,338,338,0,8,,8,1,,8,1,2,2,,2,,,2,,0,0,,,,,,,307,212,0,0,8,0,0,0,0,0,0,0,0,0,0
21444503120_10153379626588121,https://www.facebook.com/HireHeroesUSA/posts/10153379626588121,"Hire Heroes USA President and CEO will be a guest on KGAB Mornings with Gary Freeman this Wednesday at 9am EST, 7am MST to discuss our programs and impact on veterans. You can listen live during your morning commute or at your desk through the KGAB website.",Link,,,12/21/2015 8:15,756,756,0,1064,1064,0,44,1,38,4,1,38,4,7,8,,7,,,8,,1,1,,1,,,1,,916,636,0,0,43,0,0,0,0,0,0,0,0,0,0
21444503120_10153379617158121,https://www.facebook.com/HireHeroesUSA/posts/10153379617158121,Roadtrip Nation and the USO are seeking veterans and transitioning service members for an amazing opportunity to travel the country talking with other veterans this spring. Learn more and apply online.,Link,,,12/21/2015 8:07,379,379,0,593,593,0,25,1,19,2,1,19,2,11,14,4,9,,4,10,,2,2,,2,,,2,,558,350,0,0,25,0,0,0,0,0,0,0,0,0,0
21444503120_10153377776728121,https://www.facebook.com/HireHeroesUSA/posts/10153377776728121:0,"Hire Heroes USA works one-on-one with military members, at no cost, prior to their end of active service, to empower them to transform that service into civilian success.  This is only possible because of the generous donations you continue to provide.  Donate today to continue their success http://hubs.ly/H01zlmj0",Photo,,,12/20/2015 11:10,806,806,0,1256,1256,0,50,,38,7,,38,7,14,19,2,11,3,2,13,4,4,4,1,3,,1,3,,1091,706,0,0,42,0,,,,,0,,,,
21444503120_10153375582648121,https://www.facebook.com/HireHeroesUSA/posts/10153375582648121:0,"Your donations allowed Hire Heroes USA to confirm 1,248 veterans hired in the first 9 months of 2015, with a 47% conversion rate from “helped to hired”.  Help kick of 2016 with even better numbers by donating today http://hubs.ly/H01zlmd0",Photo,,,12/19/2015 11:06,576,576,0,871,871,0,34,,30,5,,31,5,3,4,,,3,,,4,0,0,,,,,,,763,504,0,0,34,0,,,,,0,,,,
21444503120_10153375326823121,https://www.facebook.com/HireHeroesUSA/posts/10153375326823121,"We would like to recognize and thank Sockwork for their support of our mission. This month, Sockwork is donating 10% of their sales to Hire Heroes USA. Get your own sock subscription and learn more about Sockwork on their website.",Link,,,12/19/2015 8:10,418,418,0,666,666,0,11,,9,2,,9,2,2,2,1,,1,1,,1,1,1,,1,,,1,,474,298,0,0,10,0,0,0,0,0,0,0,0,0,0
21444503120_10153375013998121,https://www.facebook.com/HireHeroesUSA/posts/10153375013998121,"Good morning early risers! Take advantage of the FINAL HOURS in our Black Ops III PS4 bundle auction, which includes cool Hire Heroes USA gear and autographed Brian Stann UFC collectibles. Happy bidding.",Link,,,12/19/2015 4:00,346,346,0,530,530,0,15,2,12,2,2,12,2,2,2,1,,1,1,,1,1,1,1,,,1,,,489,308,0,0,10,0,0,0,0,0,0,0,0,0,0
21444503120_10153373894998121,https://www.facebook.com/HireHeroesUSA/posts/10153373894998121:0,"Last night, Veteran Transition Specialist Malia and her boyfriend showed their Hire Heroes USA pride at the premiere of Star Wars: The Force Awakens at the historic Chinese Theatre in Hollywood.",Photo,,,12/18/2015 13:55,2723,2723,0,4193,4193,0,134,2,86,6,3,88,6,60,95,,33,39,,41,54,1,1,,1,,,1,,3262,2147,0,0,112,0,,,,,0,,,,
21444503120_10153373536003121,https://www.facebook.com/HireHeroesUSA/posts/10153373536003121,"Don’t mess with these tacky Texans! Our Plano, TX office is in the Holiday Spirit today. Show us what you’re wearing on Ugly Sweater Day!",Photo,,,12/18/2015 12:08,749,749,0,1206,1206,0,53,,39,6,,40,6,15,17,,5,11,,5,12,1,1,,1,,,1,,848,561,0,0,44,0,,,,,0,,,,
21444503120_10153366205568121,https://www.facebook.com/HireHeroesUSA/posts/10153366205568121,Set Hire Heroes USA as your preferred charity on AmazonSmile and make an impact with every purchase.,Link,,,12/18/2015 11:05,1058,1058,0,1796,1796,0,12,,6,7,,6,7,5,7,4,1,,6,1,,1,1,,1,,,1,,728,411,0,0,10,0,0,0,0,0,0,0,0,0,0
21444503120_10153373534828121,https://www.facebook.com/HireHeroesUSA/posts/10153373534828121,"We busted out our tackiest and ugliest attire to celebrate the holiday season a little differently. Happy Ugly Sweater Day from Hire Heroes USA HQ in Alpharetta, Georgia.",Photo,,,12/18/2015 10:33,1835,1835,0,2832,2832,0,254,1,122,7,1,121,7,163,230,,51,142,,78,152,1,1,1,,,1,,,1248,870,0,0,144,0,,,,,0,,,,
21444503120_10153373471923121,https://www.facebook.com/HireHeroesUSA/posts/10153373471923121,"It's been a year to remember! Last week we set a new one-week hires record, and we've far surpassed our total number of veterans and spouses hired from this time last year. Thanks to everyone who made 2015 our best yet.",Link,,,12/18/2015 9:07,4532,4532,0,6938,6938,0,194,8,159,20,8,162,21,55,79,14,43,,15,64,,7,7,2,5,,2,5,,4916,3259,0,0,158,0,0,0,0,0,0,0,0,0,0
21444503120_10153373397088121,https://www.facebook.com/HireHeroesUSA/posts/10153373397088121,"Without effective employment assistance, many former service members could join the ranks of 500,000 veterans already unemployed.  Support these service members and veterans by supporting Hire Heroes USA.  Check out the AWEARNESS Kenneth Cole label at Men’s Wearhouse.  A contribution will be made to Hire Heroes USA on all products sold.",Link,,,12/18/2015 8:14,174,174,0,279,279,0,3,,2,2,,2,2,1,1,,1,,,1,,1,1,,1,,,1,,226,134,0,0,3,0,0,0,0,0,0,0,0,0,0
21444503120_10153371709773121,https://www.facebook.com/HireHeroesUSA/posts/10153371709773121:0,"For every dollar you invested in Hire Heroes USA, $6.51 was returned in net benefit to the veterans and spouses we service daily.  Your donations are making a huge impact on their lives. Please continue to help this holiday season by donating today…every dollar helps! http://hubs.ly/H01zlm40",Photo,,,12/17/2015 11:06,560,560,0,838,838,0,26,,20,6,,21,6,5,6,1,2,2,1,2,3,0,0,,,,,,,781,525,0,0,26,0,,,,,0,,,,
21444503120_10153371528743121,https://www.facebook.com/HireHeroesUSA/posts/10153371528743121:0,"The guided-missile destroyers USS Kidd, left, and USS Wayne E. Meyer display their lights during Naval Base San Diego’s third annual Holiday Lights Open House in San Diego, California. #ThrowbackThursday",Photo,,,12/17/2015 9:00,2645,2645,0,4097,4097,0,132,,115,15,,115,15,19,28,,8,12,,14,14,4,4,1,3,,1,3,,3577,2373,0,0,125,0,,,,,0,,,,
21444503120_10153371442458121,https://www.facebook.com/HireHeroesUSA/posts/10153371442458121,"Bid on this Call of Duty: Black Ops III PS4 bundle, now through Saturday, December 19, 12noon EST.",Link,,,12/17/2015 8:04,218,218,0,308,308,0,5,,4,,,4,,1,1,,1,,,1,,0,0,,,,,,,287,202,0,0,5,0,0,0,0,0,0,0,0,0,0
21444503120_10153370075788121,https://www.facebook.com/HireHeroesUSA/posts/10153370075788121:0,"Your donations in 2015 provided employment for over 3,100 veterans and spouses.  Help us raise that number by years end and give the gift of employment this Christmas by donating today http://hubs.ly/H01zl1r0",Photo,,,12/16/2015 13:55,803,803,0,1198,1198,0,46,,43,12,,44,12,5,5,,3,2,,3,2,1,1,,1,,,1,,993,664,0,0,42,0,,,,,0,,,,
21444503120_10153369572963121,https://www.facebook.com/HireHeroesUSA/posts/10153369572963121,"ICYMI: Luke Rockhold donated $5,000 to Hire Heroes USA before becoming the UFC Middleweight Champion this past Saturday. Thank you Luke!",Link,,,12/16/2015 8:25,2369,2369,0,3188,3188,0,87,,72,10,,72,10,22,27,12,12,,12,15,,2,2,1,1,,1,1,,2057,1556,0,0,75,0,0,0,0,0,0,0,0,0,0
21444503120_10153368385158121,https://www.facebook.com/HireHeroesUSA/posts/10153368385158121,"We have ANOTHER Call of Duty: Black Ops III PS4 bundle to auction. The winning prize includes awesome Hire Heroes USA gear and autographed Brian Stann UFC memorabilia. Don't miss out, bid now!",Link,,,12/15/2015 14:30,847,847,0,1247,1247,0,33,1,19,4,1,20,4,12,17,5,10,,5,12,,1,1,,1,,,1,,593,434,0,0,23,0,0,0,0,0,0,0,0,0,0
21444503120_10153368223273121,https://www.facebook.com/HireHeroesUSA/posts/10153368223273121:0,"Two team members and Reservists (PO2 Workman, U.S. Navy Reserve, left, 1LT McCloud, U.S. Army Reserve, right) from our Raleigh, NC, office awarded their manager Johnathan with the Patriotic Employer Award from the Employer Support of the Guard and Reserve (ESGR). Congratulations Johnathan!",Photo,,,12/15/2015 12:15,2612,2612,0,3920,3920,0,259,10,199,20,10,198,20,73,95,,47,39,,51,44,2,3,,2,,,3,,2855,1941,0,0,213,0,,,,,0,,,,
21444503120_10153368149343121,https://www.facebook.com/HireHeroesUSA/posts/10153368149343121,Looking to step up your sock game in 2016? Start with Sockwork - awesome socks sent to your door each month. Sign up this month to benefit Hire Heroes USA.,Link,,,12/15/2015 11:12,263,263,0,424,424,0,13,,10,,,10,,4,5,2,2,1,2,2,1,0,0,,,,,,,390,234,0,0,12,0,0,0,0,0,0,0,0,0,0
21444503120_10153367882743121,https://www.facebook.com/HireHeroesUSA/posts/10153367882743121:0,"Because of donations like yours we deliver scalable, personalized employment solutions at the intersection of veteran need and taxpayer expense, at no cost to either! Help keep those services free for our nation’s heroes and spouses and #giveback! Donate today http://hubs.ly/H01zl180",Photo,,,12/15/2015 8:13,433,433,0,559,559,0,26,,20,5,,20,5,6,6,,1,5,,1,5,1,1,,1,,,1,,500,381,0,0,26,0,,,,,0,,,,
21444503120_10153366204598121,https://www.facebook.com/HireHeroesUSA/posts/10153366204598121,Are you still looking for that perfect holiday gift? Shop on AmazonSmile and Amazon will donate a portion of your purchase to Hire Heroes USA. Click the link below to get started.,Link,,,12/14/2015 14:34,489,489,0,664,664,0,11,1,7,2,1,7,2,4,5,,4,1,,4,1,1,1,1,,,1,,,435,334,0,0,10,0,0,0,0,0,0,0,0,0,0
21444503120_10153366519968121,https://www.facebook.com/HireHeroesUSA/posts/10153366519968121:0,"With the help of your donations, Hire Heroes USA was able to cut the average duration of unemployment for our veterans and spouses from 26 weeks to 13 weeks!  There is still work to be done and need your help.  Give the gift of employment and #giveback this Christmas http://hubs.ly/H01zl140",Photo,,,12/14/2015 11:15,480,480,0,707,707,0,32,1,25,9,1,25,9,7,8,,2,5,,3,5,0,0,,,,,,,640,414,0,0,32,0,,,,,0,,,,
21444503120_10153366263033121,https://www.facebook.com/HireHeroesUSA/posts/10153366263033121,"In the next four years, 1 million men and women are expected to transition from the military to the civilian workforce.  Help them succeed in finding employment by supporting Hire Heroes USA through your purchase at Men’s Wearhouse under the AWEARNESS Kenneth Cole label.  A contribution from your purchase will be made to Hire Heroes USA.",Link,,,12/14/2015 8:08,1096,1096,0,1681,1681,0,43,1,31,10,1,31,11,15,17,6,9,1,7,9,1,1,1,,1,,,1,,1207,809,0,0,40,0,0,0,0,0,0,0,0,0,0
21444503120_10153364534618121,https://www.facebook.com/HireHeroesUSA/posts/10153364534618121:0,"This holiday season is much brighter for veteran Timothy Hall, thanks to your generous donations. Read his story here http://hubs.ly/H01s5n70 Make this holiday season just as bright for more veterans like Timothy by giving back http://hubs.ly/H01s5n90",Photo,,,12/13/2015 8:01,1917,1917,0,2885,2885,0,105,,77,23,,77,25,25,26,3,11,12,3,11,12,0,0,,,,,,,2432,1610,0,0,95,0,,,,,0,,,,
21444503120_10153363636823121,https://www.facebook.com/HireHeroesUSA/posts/10153363636823121,“American Ethanol has been an important part of my career.  They are a huge supporter of our military and I have seen what my Ethanol teammate Ryan Bader has done over the last couple of years. It is important to me to help veterans get back into the workplace and it is the least that I can do for these warriors that are allowing me to fulfill my dreams.&quot; - Luke Rockhold #UFC194   http://hubs.ly/H01zzBM0,Link,,,12/12/2015 18:45,5577,5577,0,8015,8015,0,195,4,105,13,4,107,13,114,136,32,91,,39,97,,6,6,3,3,,3,3,,6142,4127,0,0,167,0,0,0,0,0,0,0,0,0,0
21444503120_10153363305168121,https://www.facebook.com/HireHeroesUSA/posts/10153363305168121:0,Your donations turned obstacles into opportunities for Veteran Bryan Lysaght.  Read about his story here http://hubs.ly/H01s5mR0  Turn more obstacles into opportunities this holiday season by giving the gift of employment.  Give today http://hubs.ly/H01s5mX0,Photo,,,12/12/2015 13:56,301,301,0,480,480,0,26,,20,3,,21,3,8,9,,3,5,,3,6,0,0,,,,,,,432,259,0,0,26,0,,,,,0,,,,
21444503120_10153361383498121,https://www.facebook.com/HireHeroesUSA/posts/10153361383498121:0,"Donations like yours gave veteran Doug Watjus an opportunity to find employment. Read about his story here http://hubs.ly/H01s5mp0  your gift make an impact and changes lives, give back today http://hubs.ly/H01s5my0",Photo,,,12/11/2015 11:18,1155,1155,0,1661,1661,0,98,1,84,17,1,83,17,16,17,5,6,5,5,7,5,2,2,,2,,,2,,1425,998,0,0,94,0,,,,,0,,,,
21444503120_10153359065008121,https://www.facebook.com/HireHeroesUSA/posts/10153359065008121,"This week we wrapped up the year in a few of our most popular workshop locations. In 2015 we visited MCB Camp Pendleton four times, working with 58 service members. Thank you for a great year – we'll be back in 2016! #PhotoFriday",Photo,,,12/11/2015 8:33,782,782,0,1112,1112,0,71,3,57,6,3,56,6,24,36,,15,12,,24,12,1,1,,1,,,1,,920,647,0,0,70,0,,,,,0,,,,
21444503120_10153349545018121,https://www.facebook.com/HireHeroesUSA/posts/10153349545018121,"We’re in the final hours of our PS4 bundle auction. Win Hire Heroes USA gear and an autographed Brian Stann UFC figurine with trading card, all while supporting veteran employment. Don’t miss out!",Link,,,12/10/2015 15:15,97,97,0,136,136,0,4,,2,1,,2,1,1,1,,1,,,1,,0,0,,,,,,,85,54,0,0,4,0,0,0,0,0,0,0,0,0,0
21444503120_10153359638023121,https://www.facebook.com/HireHeroesUSA/posts/10153359638023121,"Keep your feet warm and stylish this winter with a Sockwork subscription. This month only, a portion of your order will benefit our veteran career services.",Link,,,12/10/2015 14:01,448,448,0,698,698,0,21,1,15,4,1,16,4,7,10,5,2,,6,4,,0,0,,,,,,,616,392,0,0,21,0,0,0,0,0,0,0,0,0,0
21444503120_10153359533183121,https://www.facebook.com/HireHeroesUSA/posts/10153359533183121:0,"One year ago: Air Force Technical Sergeant Chris Goulden, Senior Airman Kris Gleason, and Airman 1st Class Erin Raggio, left to right, sing with 47 fourth graders from the Seaview Elementary School during the 14th Annual Holiday &quot;Songfest&quot; at the Veterans Memorial Home on Vineland, N.J. #ThrowbackThursday",Photo,,,12/10/2015 12:30,3028,3028,0,4315,4315,0,160,,132,18,,137,19,38,44,,30,11,,33,11,2,2,,2,,,2,,3291,2231,0,0,139,0,,,,,0,,,,
21444503120_10153359171133121,https://www.facebook.com/HireHeroesUSA/posts/10153359171133121:0,Your donations gave the gift of employment to veteran Kevin Almazan.  Read about his story here http://hubs.ly/H01s5m00  Give back today and give the gift of employment to more unemployed veterans this holiday season http://hubs.ly/H01s5mb0,Photo,,,12/10/2015 8:09,990,990,0,1388,1388,0,71,2,57,12,2,56,12,15,18,2,8,7,2,8,8,1,1,,1,,,1,,1183,843,0,0,69,0,,,,,0,,,,
21444503120_10153359039743121,https://www.facebook.com/HireHeroesUSA/posts/10153359039743121,"We're wrapping up the year in some of our most popular workshop locations. In 2015 we visited Fort Hood 4 times, working with 108 service members. Thank you for a great year – we'll see you in 2016!",Photo,,,12/10/2015 6:46,931,931,0,1551,1551,0,85,2,58,8,2,58,8,32,45,,19,19,,26,19,0,0,,,,,,,813,552,0,0,65,0,,,,,0,,,,
21444503120_10153349538468121,https://www.facebook.com/HireHeroesUSA/posts/10153349538468121,"Less than 24 hours left on our Call of Duty: Black Ops III PS4 bundle auction. It’s the perfect holiday gift for the gamer on your list, and all proceeds support veteran employment. Make your bid now!",Link,,,12/9/2015 19:10,209,209,0,316,316,0,7,,2,2,,2,2,3,3,3,,,3,,,0,0,,,,,,,127,90,0,0,4,0,0,0,0,0,0,0,0,0,0
21444503120_10153357936463121,https://www.facebook.com/HireHeroesUSA/posts/10153357936463121,"Have you bid on our “Ultimate” PS4 bundle yet? Enter to win a brand new PlayStation 4 with Call of Duty: Black Ops III, Hire Heroes USA sweatshirt and tumbler, and a Brian Stann UFC action figure with trading card. Bidding ends December 10.",Link,,,12/9/2015 13:54,95,95,0,191,191,0,2,,,1,,,1,1,2,,1,,,2,,0,0,,,,,,,161,69,0,0,2,0,0,0,0,0,0,0,0,0,0
21444503120_10153357689503121,https://www.facebook.com/HireHeroesUSA/posts/10153357689503121:0,You made a difference this year for veteran Tom Sivak.  Read about his story here http://hubs.ly/H01s5lK0 Give the ultimate gift this year to a veteran in need by donating to Hire Heroes USA and give them the gift of employment http://hubs.ly/H01s5lM0,Photo,,,12/9/2015 11:08,1414,1414,0,2076,2076,0,78,1,59,9,1,58,9,17,18,6,5,7,6,5,7,0,0,,,,,,,1803,1209,0,0,74,0,,,,,0,,,,
21444503120_10153349537448121,https://www.facebook.com/HireHeroesUSA/posts/10153349537448121,"Only 2 days left! Don’t miss out on this EXCLUSIVE Hire Heroes USA &amp; Call of Duty: Black Ops III PS4 bundle. All prizes will be autographed by Brian Stann. Bidding ends 12/10, 10pm EST.",Link,,,12/9/2015 9:26,322,322,0,504,504,0,5,,2,2,,3,2,1,2,,1,,,2,,0,0,,,,,,,92,65,0,0,4,0,0,0,0,0,0,0,0,0,0
21444503120_10153357361263121,https://www.facebook.com/HireHeroesUSA/posts/10153357361263121,Contributions from you are crucial to the free career transition services we provide our nations veterans and their spouses.  Make this holiday season about giving back and make your next gift purchase at Men’s Wearhouse under the Kenneth Cole AWEARNESS label.  Your purchase will provide a contribution to Hire Heroes USA that will assist veterans and spouses in obtaining employment,Link,,,12/9/2015 8:14,560,560,0,807,807,0,14,,9,4,,9,4,4,4,3,1,,3,1,,1,1,1,,,1,,,723,499,0,0,14,0,0,0,0,0,0,0,0,0,0
21444503120_10153356525498121,https://www.facebook.com/HireHeroesUSA/posts/10153356525498121:0,"This Colorado Gives Day, help Veterans like Tom Sivak http://hubs.ly/H01r1XJ0 transition to the workforce.  Something as simple as a $10 donation can cover the cost of a career counseling session, which will ultimately shape their transition from the military to the civilian workforce http://hubs.ly/H01r1XR0",Photo,,,12/8/2015 19:02,438,438,0,589,589,0,25,,18,1,,18,1,8,8,1,3,4,1,3,4,1,1,1,,,1,,,546,404,0,0,25,0,,,,,0,,,,
21444503120_10153356489223121,https://www.facebook.com/HireHeroesUSA/posts/10153356489223121:0,Only 3 more hours to get your donations in!  Your donation will make an immediate impact on a Colorado veteran or their spouse looking for employment.  Let’s put them to work!  http://hubs.ly/H01r1XM0,Photo,,,12/8/2015 18:33,263,263,0,359,359,0,14,,13,3,,14,4,1,1,,,1,,,1,0,0,,,,,,,321,229,0,0,14,0,,,,,0,,,,
21444503120_10153356458273121,https://www.facebook.com/HireHeroesUSA/posts/10153356458273121:0,The average professional resume costs $150…we provide this for FREE to CO veterans &amp; their spouses.  Help Hire Heroes USA continue to provide this free service by donating today during #COGivesDay. http://hubs.ly/H01r1DS0,Photo,,,12/8/2015 18:05,665,665,0,959,959,0,24,,14,7,,14,7,10,12,,7,4,,8,4,0,0,,,,,,,656,490,0,0,19,0,,,,,0,,,,
21444503120_10153356399508121,https://www.facebook.com/HireHeroesUSA/posts/10153356399508121:0,Honor CO veteran’s today by ensuring their future.  They ensured ours! Donate today during Colorado Gives Day http://hubs.ly/H01r1XC0,Photo,,,12/8/2015 17:19,788,788,0,1135,1135,0,35,1,26,9,1,27,9,12,16,1,6,8,1,7,8,1,1,,1,,,1,,993,699,0,0,34,0,,,,,0,,,,
21444503120_10153356340948121,https://www.facebook.com/HireHeroesUSA/posts/10153356340948121:0,Help honor Colorado veterans by contributing to their successful transition to the civilian workforce.  Together we can put the unemployed back to work http://hubs.ly/H01r1Xz0,Photo,,,12/8/2015 16:40,547,547,0,799,799,0,13,1,9,3,1,9,3,4,4,,1,3,,1,3,1,1,1,,,1,,,674,466,0,0,12,0,,,,,0,,,,
21444503120_10153356269613121,https://www.facebook.com/HireHeroesUSA/posts/10153356269613121:0,To us EVERY day is Colorado Gives Day!  Help us THANK and HONOR our Colorado veterans by donating to Hire Heroes USA during Colorado Gives Day.  Together we can shower our veterans with the gift of employment.  Donate now http://hubs.ly/H01r1Xv0,Photo,,,12/8/2015 15:20,133,133,0,186,186,0,4,,3,2,,3,2,1,1,,,1,,,1,1,1,1,,,1,,,163,112,0,0,4,0,,,,,0,,,,
21444503120_10153356227788121,https://www.facebook.com/HireHeroesUSA/posts/10153356227788121:0,"There’s still time to make an impact on Colorado Gives Day! A $5 donation pays for an individual Career Assessment, and a $10 donation pays for career counseling for a CO veteran. Together we can help unemployed Colorado veterans that have served our country http://hubs.ly/H01r1Xt0",Photo,,,12/8/2015 14:45,378,378,0,516,516,0,13,,8,3,,8,3,5,5,,2,3,,2,3,0,0,,,,,,,490,352,0,0,13,0,,,,,0,,,,
21444503120_10153356168853121,https://www.facebook.com/HireHeroesUSA/posts/10153356168853121:0,This year your donations helped #veteran Jacob Jackson find employment. Read his story here http://hubs.ly/H01s5ly0 Continue to give the gift of employment to other veterans by giving today http://hubs.ly/H01s5lL0,Photo,,,12/8/2015 13:50,904,904,0,1368,1368,0,69,2,59,11,2,58,11,12,12,2,4,6,2,4,6,0,0,,,,,,,1226,826,0,0,67,0,,,,,0,,,,
21444503120_10153356139713121,https://www.facebook.com/HireHeroesUSA/posts/10153356139713121,"&quot;10 Tips for a Great Resume&quot; Join us tomorrow at 3pm EST for VetNet, our free webinar series for job-seeking veterans. http://hubs.ly/H01xPCg0",Link,,,12/8/2015 13:15,1535,1535,0,2192,2192,0,31,,16,6,,16,6,16,16,8,7,1,8,7,1,1,1,1,,,1,,,1790,1254,0,0,25,0,0,0,0,0,0,0,0,0,0
21444503120_10153356111493121,https://www.facebook.com/HireHeroesUSA/posts/10153356111493121:0,"There are over 500,000 highly skilled, trained and educated veterans unemployed, and many of them in our own backyard in Colorado.  Get them back to work by doing your part. Donate now and support Hire Heroes USA during Colorado Gives Day http://hubs.ly/H01r1Xr0",Photo,,,12/8/2015 12:50,934,934,0,1517,1517,0,52,2,38,11,2,38,12,11,12,,5,6,,6,6,2,2,1,1,,1,1,,1378,861,0,0,51,0,,,,,0,,,,
21444503120_10153356098853121,https://www.facebook.com/HireHeroesUSA/posts/10153356098853121:0,THANK YOU to those who have donated so far. You are truly changing lives. #CoGivesDay http://hubs.ly/H01xRlc0,Photo,,,12/8/2015 12:36,612,612,0,879,879,0,22,1,20,2,1,21,2,3,4,,1,2,,1,3,1,1,,1,,,1,,824,572,0,0,22,0,,,,,0,,,,
21444503120_10153356043218121,https://www.facebook.com/HireHeroesUSA/posts/10153356043218121:0,Have you made your Colorado Gives Day donation yet? Your contributions will directly help a veteran in need of employment services. Every dollar makes a difference http://hubs.ly/H01r1LG0,Photo,,,12/8/2015 11:45,356,356,0,491,491,0,8,,6,2,,6,2,1,1,,,1,,,1,0,0,,,,,,,476,341,0,0,8,0,,,,,0,,,,
21444503120_10153356000538121,https://www.facebook.com/HireHeroesUSA/posts/10153356000538121:0,"This Colorado Gives Day, support Veterans like Jessica Crum http://hubs.ly/H01r1Xd0 transition to the civilian workforce.  A $50 donation can over the cost of a professionally-revised resume or 3 career counseling sessions, which are critical to their success.  Donate now http://hubs.ly/H01r1Xn0",Photo,,,12/8/2015 11:22,321,321,0,477,477,0,19,,15,4,,15,4,5,7,,3,3,,3,4,0,0,,,,,,,444,296,0,0,18,0,,,,,0,,,,
21444503120_10153355950543121,https://www.facebook.com/HireHeroesUSA/posts/10153355950543121:0,#COGivesDay #HHUSA http://hubs.ly/H01r1LK0,Photo,,,12/8/2015 10:40,721,721,0,1031,1031,0,15,,13,6,,13,6,4,4,,3,1,,3,1,0,0,,,,,,,646,464,0,0,15,0,,,,,0,,,,
21444503120_10153355753323121,https://www.facebook.com/HireHeroesUSA/posts/10153355753323121:0,"By supporting Hire Heroes USA, you are supporting transitioning service members, veterans and their spouses across Colorado, find employment.  Donate today to help support them and their families http://hubs.ly/H01r1LD0",Photo,,,12/8/2015 8:20,331,331,0,482,482,0,14,,14,2,,14,3,1,1,,,1,,,1,0,0,,,,,,,454,308,0,0,14,0,,,,,0,,,,
21444503120_10153355741613121,https://www.facebook.com/HireHeroesUSA/posts/10153355741613121,"Have you bid on our “Ultimate” PS4 bundle yet? Enter to win a brand new PlayStation 4 with Call of Duty: Black Ops III, Hire Heroes USA sweatshirt and tumbler, and a Brian Stann UFC action figure with trading card. Bidding ends December 10.",Link,,,12/8/2015 8:09,186,186,0,323,323,0,10,1,9,,1,9,,1,2,,1,,,2,,2,2,1,1,,1,1,,317,181,0,0,10,0,0,0,0,0,0,0,0,0,0
21444503120_10153355666573121,https://www.facebook.com/HireHeroesUSA/posts/10153355666573121:0,Donate today during Colorado Gives Day and help support our Colorado veterans and their spouses http://hubs.ly/H01r1Lz0,Photo,,,12/8/2015 7:13,362,362,0,473,473,0,19,1,17,2,1,17,2,4,4,,2,2,,2,2,0,0,,,,,,,438,338,0,0,18,0,,,,,0,,,,
21444503120_10153355472223121,https://www.facebook.com/HireHeroesUSA/posts/10153355472223121:0,"Today is #CoGivesDay! Be sure to donate on our Colorado Gives Day page to help CO military members, veterans and their spouses find employment. Support Hire Heroes USA today. http://hubs.ly/H01r1C40",Photo,,,12/8/2015 4:30,292,292,0,400,400,0,15,,13,1,,13,1,4,4,,1,3,,1,3,0,0,,,,,,,377,275,0,0,15,0,,,,,0,,,,
21444503120_10153354671903121,https://www.facebook.com/HireHeroesUSA/posts/10153354671903121,"Bid on this Call of Duty: Black Ops III PS4 bundle, now through December 10, 10pm EST.",Link,,,12/7/2015 13:57,67,67,0,81,81,0,0,,,,,,,0,0,,,,,,,0,0,,,,,,,69,55,0,0,0,0,0,0,0,0,0,0,0,0,0
21444503120_10153354489433121,https://www.facebook.com/HireHeroesUSA/posts/10153354489433121,"Don't miss our own Veteran Transition Specialist Laura Talbot LIVE tonight on Army Wife Talk Radio, 8pm ET. You can also join the conversation on Twitter using the hashtag #ArmyWife.",Link,,,12/7/2015 11:46,1091,1091,0,1818,1818,0,41,,31,13,,31,13,10,13,3,9,,3,10,,0,0,,,,,,,1299,773,0,0,35,0,0,0,0,0,0,0,0,0,0
21444503120_10153354210773121,https://www.facebook.com/HireHeroesUSA/posts/10153354210773121:0,"Contributions like yours helped veteran Jessica Crum find employment. Read about her story here http://hubs.ly/H01s5kY0 Fill a veteran's stocking with the gift of employment, donate today http://hubs.ly/H01s5k-0",Photo,,,12/7/2015 8:20,676,676,0,1002,1002,0,55,,50,7,,50,7,7,7,1,3,3,1,3,3,1,1,1,,,1,,,879,593,0,0,53,0,,,,,0,,,,
21444503120_10153354125768121,https://www.facebook.com/HireHeroesUSA/posts/10153354125768121:0,"Today, December 7th, is Pearl Harbor Remembrance Day. We remember &quot;a date which will live in infamy.&quot; We honor the lives lost and salute those who continue to serve.",Photo,,,12/7/2015 7:02,7891,7891,0,12451,12451,0,408,2,343,61,2,341,62,81,92,,62,23,,68,24,10,10,1,9,,1,9,,5147,3402,0,0,292,0,,,,,0,,,,
21444503120_10153352835998121,https://www.facebook.com/HireHeroesUSA/posts/10153352835998121:0,"Your donation turns obstacles into opportunities for military members, veterans and their spouses.  Your support of Hire Heroes USA, empowers and strengthens families, and the National economy. Your gift will make an immediate impact! Give back today http://hubs.ly/H01s3yy0",Photo,,,12/6/2015 11:08,414,414,0,625,625,0,28,,25,7,,25,7,3,3,1,,2,1,,2,0,0,,,,,,,559,374,0,0,28,0,,,,,0,,,,
21444503120_10153352553623121,https://www.facebook.com/HireHeroesUSA/posts/10153352553623121,"Bid on this Call of Duty: Black Ops III PS4 bundle, now through December 10, 10pm EST.",Link,,,12/6/2015 8:09,434,434,0,564,564,0,20,,13,3,,13,3,7,7,6,1,,6,1,,0,0,,,,,,,413,328,0,0,12,0,0,0,0,0,0,0,0,0,0
21444503120_10153351451348121,https://www.facebook.com/HireHeroesUSA/posts/10153351451348121,"Have you bid on our “Ultimate” PS4 bundle yet? Enter to win a brand new PlayStation 4 with Call of Duty: Black Ops III, Hire Heroes USA sweatshirt and tumbler, and a Brian Stann UFC action figure with trading card. Bidding ends December 10.",Link,,,12/5/2015 15:00,110,110,0,153,153,0,2,,,,,,,2,2,1,1,,1,1,,0,0,,,,,,,137,93,0,0,2,0,0,0,0,0,0,0,0,0,0
21444503120_10153351376308121,https://www.facebook.com/HireHeroesUSA/posts/10153351376308121,Get this exclusive Brian Stann UFC action figure and trading card with our Call of Duty: Black Ops III PS4 bundle auction package. Bid now: http://hubs.ly/H01sZS10,Link,,,12/5/2015 13:48,118,118,0,203,203,0,2,,1,,,1,,2,2,1,1,,1,1,,0,0,,,,,,,188,103,0,0,2,0,0,0,0,0,0,0,0,0,0
21444503120_10153351149843121,https://www.facebook.com/HireHeroesUSA/posts/10153351149843121,"Calling all Airmen and SOF! Hire Heroes USA will be in Tampa, FL Dec 8th-9th hosting a transition workshop. Sign up here to prepare for your new career http://hubs.ly/H01s4630",Link,,,12/5/2015 11:02,100,100,0,151,151,0,1,,,1,,,1,0,0,,,,,,,0,0,,,,,,,138,88,0,0,1,0,0,0,0,0,0,0,0,0,0
21444503120_10153350905668121,https://www.facebook.com/HireHeroesUSA/posts/10153350905668121:0,Your generous donations have helped over 3000 veterans and spouses find employment so far in 2015—you changed their lives for the better!  Now is your chance to impact even more veterans by supporting Hire Heroes USA this holiday season. Every gift you donate makes a difference. Give back today http://hubs.ly/H01s3y30,Photo,,,12/5/2015 8:06,634,634,0,937,937,0,34,,30,12,,30,12,4,4,1,3,,1,3,,0,0,,,,,,,864,576,0,0,34,0,,,,,0,,,,
21444503120_10153349865688121,https://www.facebook.com/HireHeroesUSA/posts/10153349865688121,"Bid on this Call of Duty: Black Ops III PS4 bundle, now through December 10, 10pm EST.",Link,,,12/4/2015 16:00,185,185,0,327,327,0,8,1,4,1,1,4,1,3,3,3,,,3,,,0,0,,,,,,,286,151,0,0,6,0,0,0,0,0,0,0,0,0,0
21444503120_10153349739918121,https://www.facebook.com/HireHeroesUSA/posts/10153349739918121:0,"We would like to extend our heartfelt gratitude to those federal employees, contractors and active duty military members that have made a pledge to support Hire Heroes USA in 2016 through the Combined Federal Campaign. If you haven’t made a pledge yet, there is still time. Now through Dec. 15, use CFC# 59856 to make a pledge that will impact an unemployed veteran or transitioning military member.",Photo,,,12/4/2015 14:00,1074,1074,0,1649,1649,0,40,,29,9,,29,9,10,15,,9,3,,12,3,1,1,,1,,,1,,1386,900,0,0,39,0,,,,,0,,,,
21444503120_10153349538008121,https://www.facebook.com/HireHeroesUSA/posts/10153349538008121,OOHRAA! Hire Heroes USA will be at MCB Pendleton on Dec 8th-9th for a transition workshop. Service members and  spouses sign up here http://hubs.ly/H01s44C0,Link,,,12/4/2015 11:17,397,397,0,505,505,0,13,,12,2,,12,2,1,1,,1,,,1,,0,0,,,,,,,457,359,0,0,13,0,0,0,0,0,0,0,0,0,0
21444503120_10153349478763121,https://www.facebook.com/HireHeroesUSA/posts/10153349478763121:0,"Thanks to the tax free contributions of generous donors like you, our services are provided at no cost to the transitioning military member, veteran or spouse.  Help keep it that way and give the gift of employment this holiday season.  Give back today http://hubs.ly/H01s3xk0",Photo,,,12/4/2015 10:33,770,770,0,1166,1166,0,36,,29,10,,29,10,7,9,2,4,1,2,6,1,1,1,,1,,,1,,890,612,0,0,35,0,,,,,0,,,,
21444503120_10153349252513121,https://www.facebook.com/HireHeroesUSA/posts/10153349252513121,"If your 2015 New Year’s resolution was to trim some inches off the waistband, then you are in need of a new wardrobe this holiday season.  The best place to start would be Men’s Wearhouse under the AWEARNESS Kenneth Cole label.  Not only will you be looking good, but you will also be supporting veteran employment through your purchase.",Link,,,12/4/2015 8:11,104,104,0,144,144,0,3,,2,,,2,,1,1,,1,,,1,,0,0,,,,,,,132,91,0,0,2,0,0,0,0,0,0,0,0,0,0
21444503120_10153347741033121,https://www.facebook.com/HireHeroesUSA/posts/10153347741033121:0,"More than 570,000 unemployed U.S. veterans and 50,000 homeless veterans were reported in the United States in 2014. We need you to help put these men and women back to work!  Give them the gift of employment this holiday season by giving back.  Donate today http://hubs.ly/H01s3wk0",Photo,,,12/3/2015 14:02,1772,1772,0,2789,2789,0,118,3,95,27,3,95,28,25,33,2,20,6,2,25,6,2,2,,2,,,2,,2132,1398,0,0,107,0,,,,,0,,,,
21444503120_10153347575748121,https://www.facebook.com/HireHeroesUSA/posts/10153347575748121,"Have you bid on our “Ultimate” PS4 bundle yet? Enter to win a brand new PlayStation 4 with Call of Duty: Black Ops III, Hire Heroes USA sweatshirt and tumbler, and a Brian Stann UFC action figure with trading card. Bidding ends December 10.",Link,,,12/3/2015 12:01,114,114,0,192,192,0,6,,5,,,5,,1,1,,1,,,1,,0,0,,,,,,,168,96,0,0,5,0,0,0,0,0,0,0,0,0,0
21444503120_10153347533468121,https://www.facebook.com/HireHeroesUSA/posts/10153347533468121:0,"U.S. soldiers move from behind an old tank during an exercise at Hohenfels Training Area, Germany, Dec. 3, 2014. #ThrowbackThursday",Photo,,,12/3/2015 11:18,2535,2535,0,3823,3823,0,136,1,113,15,1,111,15,29,41,,19,14,,26,15,2,2,1,1,,1,1,,3167,2132,0,0,128,0,,,,,0,,,,
21444503120_10153347318283121,https://www.facebook.com/HireHeroesUSA/posts/10153347318283121,Transitioning to the civilian workforce at Fort Benning? Hire Heroes USA is at Fort Benning Dec 8th-9th for a transition workshop. Sign up here http://hubs.ly/H01s4180,Link,,,12/3/2015 8:11,428,428,0,655,655,0,8,,5,4,,5,4,1,1,,1,,,1,,0,0,,,,,,,449,302,0,0,8,0,0,0,0,0,0,0,0,0,0
21444503120_10153346153103121,https://www.facebook.com/HireHeroesUSA/posts/10153346153103121,"Military members and spouses in Tampa, Hire Heroes USA will be in Tampa, FL Dec 8th-9th hosting a transition workshop. Sign up here to prepare for your new career http://hubs.ly/H01s4330",Link,,,12/2/2015 13:53,149,149,0,223,223,0,3,,2,1,,2,1,0,0,,,,,,,0,0,,,,,,,177,116,0,0,3,0,0,0,0,0,0,0,0,0,0
21444503120_10153345931338121,https://www.facebook.com/HireHeroesUSA/posts/10153345931338121:0,"Veteran unemployment is a problem.  But YOU are the solution.  Give the gift of employment this Christmas by giving back to military members, veterans and their spouses through your donation to Hire Heroes USA. http://hubs.ly/H01s3w60 #giveback",Photo,,,12/2/2015 11:17,747,747,0,1164,1164,0,42,1,38,10,1,38,10,4,4,,2,2,,2,2,1,1,,1,,,1,,883,608,0,0,40,0,,,,,0,,,,
21444503120_10153345930763121,https://www.facebook.com/HireHeroesUSA/posts/10153345930763121,OOHRAA! Hire Heroes USA will be at MCB Pendleton on Dec 8th-9th for a transition workshop. Devil Dogs and spouses sign up here http://hubs.ly/H01r2nx0,Link,,,12/2/2015 11:17,157,157,0,258,258,0,2,,2,1,,2,1,0,0,,,,,,,0,0,,,,,,,221,129,0,0,2,0,0,0,0,0,0,0,0,0,0
21444503120_10153345761098121,https://www.facebook.com/HireHeroesUSA/posts/10153345761098121,Get this exclusive Brian Stann UFC action figure and trading card with our Call of Duty: Black Ops III PS4 bundle auction package. Bid now: http://hubs.ly/H01sZMm0,Link,,,12/2/2015 9:15,76,76,0,104,104,0,2,,2,,,2,,0,0,,,,,,,0,0,,,,,,,70,49,0,0,2,0,0,0,0,0,0,0,0,0,0
21444503120_10153345694948121,https://www.facebook.com/HireHeroesUSA/posts/10153345694948121:0,"We are nearing the end of Combined Federal Campaign season! Federal employees, contractors and active duty military, don’t forget to make your pledge to Hire Heroes USA using CFC# 59856. We thank you for your contribution to our mission.",Photo,,,12/2/2015 8:14,1058,1058,0,1479,1479,0,47,1,41,12,1,41,12,8,8,,4,4,,4,4,1,1,,1,,,1,,1342,964,0,0,43,0,,,,,0,,,,
21444503120_10153344981688121,https://www.facebook.com/HireHeroesUSA/posts/10153344981688121:0,Have you made a difference today? Make one now and support a #veteran. #giveback on #GivingTuesday Every dollar makes a difference http://hubs.ly/H01r0MD0,Photo,,,12/1/2015 19:25,298,298,0,417,417,0,23,,20,4,,20,4,1,1,,,1,,,1,1,1,,1,,,1,,359,258,0,0,23,0,,,,,0,,,,
21444503120_10153344925643121,https://www.facebook.com/HireHeroesUSA/posts/10153344925643121:0,"500K unemployed #Veterans is the problem. YOU are the solution. #giveback on #GivingTuesday and make a difference
http://hubs.ly/H01r0Mx0",Photo,,,12/1/2015 18:32,349,349,0,503,503,0,29,,26,4,,26,4,4,5,,3,1,,4,1,1,1,1,,,1,,,455,315,0,0,29,0,,,,,0,,,,
21444503120_10153344859438121,https://www.facebook.com/HireHeroesUSA/posts/10153344859438121:0,"Donations like yours helped #veteran Bryan Lysaght find employment. Read about his story here http://hubs.ly/H01r0MC0 Every dollar makes a difference
 http://hubs.ly/H01r0MP0 #giveback #GivingTuesday",Photo,,,12/1/2015 17:31,967,967,0,1418,1418,0,84,1,67,13,1,68,13,18,19,4,7,7,4,8,7,1,1,,1,,,1,,1299,886,0,0,81,0,,,,,0,,,,
21444503120_10153344858748121,https://www.facebook.com/HireHeroesUSA/posts/10153344858748121:0,"Your donation + Hire Heroes USA = employed #Veterans. #giveback on #GivingTuesday and make a difference
http://hubs.ly/H01r0Mn0",Photo,,,12/1/2015 17:31,355,355,0,444,444,0,12,,10,5,,10,5,1,1,,,1,,,1,1,1,1,,,1,,,404,326,0,0,12,0,,,,,0,,,,
21444503120_10153344823658121,https://www.facebook.com/HireHeroesUSA/posts/10153344823658121:0,3000+ #Veterans in 2015 are employed because of your contributions. #giveback on #GivingTuesday and raise that number by years end http://hubs.ly/H01rxTt0,Photo,,,12/1/2015 17:01,480,480,0,610,610,0,28,,24,6,,24,6,3,3,,,3,,,3,0,0,,,,,,,540,425,0,0,28,0,,,,,0,,,,
21444503120_10153344727423121,https://www.facebook.com/HireHeroesUSA/posts/10153344727423121:0,Watch what your donations do... http://hubs.ly/H01r0Mh0 Donate here to make and difference http://hubs.ly/H01r0Mj0 #giveback #GivingTuesday,Photo,,,12/1/2015 16:30,229,229,0,282,282,0,13,,12,3,,12,3,1,1,,,1,,,1,0,0,,,,,,,250,202,0,0,13,0,,,,,0,,,,
21444503120_10153344550548121,https://www.facebook.com/HireHeroesUSA/posts/10153344550548121:0,"&quot;The team at Hire Heroes USA are nothing short of phenomenal&quot;. We only got that way because of donors like YOU! #giveback #GivingTuesday Every dollar matters, Donate now
http://hubs.ly/H01r0Mg0",Photo,,,12/1/2015 16:02,204,204,0,250,250,0,7,,6,2,,6,2,0,0,,,,,,,0,0,,,,,,,224,181,0,0,7,0,,,,,0,,,,
21444503120_10153344501378121,https://www.facebook.com/HireHeroesUSA/posts/10153344501378121:0,Tis the season to #giveback. Donate to Hire Heroes USA today on #GivingTuesday.  By doing so you will be changing the lives of our nation's veterans. http://hubs.ly/H01r0M70,Photo,,,12/1/2015 15:01,457,457,0,571,571,0,21,,18,6,,18,6,3,3,,1,2,,1,2,1,1,,1,,,1,,542,434,0,0,21,0,,,,,0,,,,
21444503120_10153344472428121,https://www.facebook.com/HireHeroesUSA/posts/10153344472428121:0,"Donations like yours helped #veteran Doug Watjus find employment. Read about his story here http://hubs.ly/H01r0M10 #giveback #GivingTuesday Every dollar makes a difference
http://hubs.ly/H01r0M60",Photo,,,12/1/2015 14:35,995,995,0,1472,1472,0,88,,76,14,,77,15,11,13,2,4,5,2,6,5,2,2,1,1,,1,1,,1327,881,0,0,86,0,,,,,0,,,,
21444503120_10153344442718121,https://www.facebook.com/HireHeroesUSA/posts/10153344442718121:0,"Hire Heroes USA is committed to ending #veteran unemployment. Are you? #giveback #GivingTuesday Every dollar makes a difference
http://hubs.ly/H01r0L_0",Photo,,,12/1/2015 14:01,647,647,0,908,908,0,36,,29,8,,29,8,8,8,1,5,2,1,5,2,2,2,,2,,,2,,788,557,0,0,32,0,,,,,0,,,,
21444503120_10153344391638121,https://www.facebook.com/HireHeroesUSA/posts/10153344391638121:0,Every dollar you donate makes a difference. #giveback #GivingTuesday #HHUSA http://hubs.ly/H01r0LY0,Photo,,,12/1/2015 13:19,307,307,0,443,443,0,15,,12,3,,12,3,3,3,1,1,1,1,1,1,0,0,,,,,,,421,287,0,0,15,0,,,,,0,,,,
21444503120_10153344365313121,https://www.facebook.com/HireHeroesUSA/posts/10153344365313121:0,"#GivingTuesday, is a global day of giving. Make a #veteran your priority and #giveback. Support Hire Heroes USA and in turn you will be giving the gift of employment to a veteran in need. http://hubs.ly/H01r0LR0",Photo,,,12/1/2015 13:01,518,518,0,665,665,0,23,1,18,7,1,18,7,8,11,,4,4,,7,4,3,3,,3,,,3,,624,484,0,0,23,0,,,,,0,,,,
21444503120_10153344294143121,https://www.facebook.com/HireHeroesUSA/posts/10153344294143121:0,Donations like yours helped #veteran Kevin Almazan find employment.  Read about his story here http://hubs.ly/H01r0LQ0 #giveback #GivingTuesday Every dollar makes a difference http://hubs.ly/H01r0M40,Photo,,,12/1/2015 12:08,917,917,0,1311,1311,0,62,,54,10,,55,10,10,12,1,7,4,1,7,4,2,2,,2,,,2,,1193,844,0,0,62,0,,,,,0,,,,
21444503120_10153344253528121,https://www.facebook.com/HireHeroesUSA/posts/10153344253528121:0,"This is the difference YOUR donation made… &quot;I went from staying with a friend living paycheck to paycheck, to traveling the country fully employed&quot;  Continue to make a difference and #giveback on #GivingTuesday http://hubs.ly/H01r0LP0",Photo,,,12/1/2015 11:44,320,320,0,404,404,0,17,1,14,1,1,14,1,4,4,,2,2,,2,2,2,2,1,1,,1,1,,390,305,0,0,15,0,,,,,0,,,,
21444503120_10153344223208121,https://www.facebook.com/HireHeroesUSA/posts/10153344223208121:0,Our services are FREE for Veterans because of donations like yours! Help keep it that way and #giveback now on #GivingTuesday.  Even $1 can make a significant impact http://hubs.ly/H01r0LD0 #giveback #GivingTuesday,Photo,,,12/1/2015 11:18,169,169,0,231,231,0,6,,4,1,,4,1,1,1,1,,,1,,,0,0,,,,,,,201,144,0,0,6,0,,,,,0,,,,
21444503120_10153344215433121,https://www.facebook.com/HireHeroesUSA/posts/10153344215433121,"Bid on this Call of Duty: Black Ops III PS4 bundle, now through December 10, 10pm EST.",Link,,,12/1/2015 11:09,631,631,0,974,974,0,26,,14,5,,14,5,13,14,8,5,,8,6,,1,1,1,,,1,,,667,460,0,0,23,0,0,0,0,0,0,0,0,0,0
21444503120_10153344190108121,https://www.facebook.com/HireHeroesUSA/posts/10153344190108121:0,It’s here! #GivingTuesday is today and NOW is the time to make your commitment to a #veteran.  Show them how committed you are to their future by donating here http://hubs.ly/H01r0LB0 #giveback #GivingTuesday,Photo,,,12/1/2015 10:46,346,346,0,501,501,0,18,,17,4,,17,4,4,6,,3,1,,5,1,1,1,,1,,,1,,437,308,0,0,17,0,,,,,0,,,,
21444503120_10153344151903121,https://www.facebook.com/HireHeroesUSA/posts/10153344151903121:0,This is how your donations matter... &quot;Hire Heroes USA gave me an opportunity to accept a job doing what my passion is&quot; Turn more obstacles into opportunities by donating here http://hubs.ly/H01r0LC0 #giveback #GivingTuesday,Photo,,,12/1/2015 10:17,340,340,0,462,462,0,14,1,11,4,1,11,4,3,3,,2,1,,2,1,0,0,,,,,,,429,312,0,0,13,0,,,,,0,,,,
21444503120_10153344149598121,https://www.facebook.com/HireHeroesUSA/posts/10153344149598121:0,Donations like yours helped #veteran Tom Sivak find employment.  Read about his story here http://hubs.ly/H01r0LG0 Every dollar makes a difference http://hubs.ly/H01r0LM0 #giveback #GivingTuesday,Photo,,,12/1/2015 10:16,1117,1117,0,1644,1644,0,82,2,69,15,2,70,15,19,23,7,6,8,8,7,8,3,3,1,2,,1,2,,1421,990,0,0,80,0,,,,,0,,,,
21444503120_10153344047193121,https://www.facebook.com/HireHeroesUSA/posts/10153344047193121:0,You can give the gift of employment this Christmas by giving to Hire Heroes USA on #GivingTuesday.  Your donation directly helps unemployed veterans find employment. http://hubs.ly/H01r0Lx0,Photo,,,12/1/2015 9:09,224,224,0,284,284,0,8,,6,5,,6,5,2,2,,1,1,,1,1,0,0,,,,,,,260,204,0,0,8,0,,,,,0,,,,
21444503120_10153344005598121,https://www.facebook.com/HireHeroesUSA/posts/10153344005598121:0,Watch what opportunities your donations provide... http://hubs.ly/H01r0Lw0 Donate here to make and difference and change lives #giveback #GivingTuesday http://hubs.ly/H01r0LN0,Photo,,,12/1/2015 8:46,617,617,0,880,880,0,34,,30,7,,30,7,5,5,,4,1,,4,1,2,2,,2,,,2,,752,553,0,0,31,0,,,,,0,,,,
21444503120_10153344004023121,https://www.facebook.com/HireHeroesUSA/posts/10153344004023121:0,"You can turn obstacles into opportunities for #Veterans when you #giveback on #GivingTuesday. Every dollar creates an opportunity, how many opportunities will you create? http://hubs.ly/H01r0Lv0",Photo,,,12/1/2015 8:45,139,139,0,178,178,0,6,,5,2,,5,2,1,1,,1,,,1,,1,1,,1,,,1,,165,130,0,0,6,0,,,,,0,,,,
21444503120_10153343970883121,https://www.facebook.com/HireHeroesUSA/posts/10153343970883121,"Help military members, veterans and spouses to succeed in the civilian workforce this Christmas by making your holiday purchase at the Men’s Warehouse from the AWEARNESS Kenneth Cole label.  A percentage of your purchase will be donated to Hire Heroes USA to assist our nation’s heroes in finding employment.",Link,,,12/1/2015 8:21,357,357,0,502,502,0,16,,11,6,,12,6,5,5,2,3,,2,3,,1,1,,1,,,1,,336,248,0,0,14,0,0,0,0,0,0,0,0,0,0
21444503120_10153343966993121,https://www.facebook.com/HireHeroesUSA/posts/10153343966993121:0,This is how you make a difference when you donate #giveback #GivingTuesday http://hubs.ly/H01r0Lt0,Photo,,,12/1/2015 8:17,1091,1091,0,1527,1527,0,32,1,24,9,1,24,9,8,10,1,4,4,1,5,4,2,2,,2,,,2,,1192,857,0,0,27,0,,,,,0,,,,
21444503120_10153343890538121,https://www.facebook.com/HireHeroesUSA/posts/10153343890538121:0,"Donations like yours helped #veteran Jessica Crum find employment. Read about her story here http://hubs.ly/H01r0Ld0  #giveback #GivingTuesday Every dollar makes a difference 
http://hubs.ly/H01r0Lm0",Photo,,,12/1/2015 7:16,964,964,0,1307,1307,0,63,1,55,11,1,56,11,11,13,1,6,5,1,6,6,2,2,,2,,,2,,1236,904,0,0,63,0,,,,,0,,,,
21444503120_10153343888788121,https://www.facebook.com/HireHeroesUSA/posts/10153343888788121:0,"You can make a difference for transitioning service members, veterans and their families. #GivingTuesday is NOW! Every dollar helps so please #giveback http://hubs.ly/H01r0L80",Photo,,,12/1/2015 7:14,764,764,0,1026,1026,0,26,,18,12,,18,12,9,11,,7,2,,9,2,0,0,,,,,,,872,682,0,0,24,0,,,,,0,,,,
21444503120_10153343782858121,https://www.facebook.com/HireHeroesUSA/posts/10153343782858121:0,Happy #GivingTuesday! Celebrate by donating to Hire Heroes USA and #giveback to a #veteran that needs your help.  Every dollar makes a difference http://hubs.ly/H01r0L70,Photo,,,12/1/2015 6:15,550,550,0,730,730,0,23,,20,7,,21,8,5,5,,2,3,,2,3,1,1,1,,,1,,,653,497,0,0,22,0,,,,,0,,,,
21444503120_10153343702728121,https://www.facebook.com/HireHeroesUSA/posts/10153343702728121:0,"Donations like yours helped #veteran Jacob Jackson find employment. Read about his story here http://hubs.ly/H01r0Lb0 #giveback #GivingTuesday Every dollar matters, Donate now http://hubs.ly/H01r0Ll0",Photo,,,12/1/2015 5:06,512,512,0,761,761,0,25,,18,9,,18,9,6,11,4,3,2,6,3,2,0,0,,,,,,,694,475,0,0,25,0,,,,,0,,,,
21444503120_10153343701913121,https://www.facebook.com/HireHeroesUSA/posts/10153343701913121:0,"Happy #GivingTuesday! It doesn’t matter how much you give, or what you give, only that you give. You will make an immediate impact on a life once you do. #giveback http://hubs.ly/H01r0L30",Photo,,,12/1/2015 5:05,170,170,0,230,230,0,8,,6,3,,6,3,3,4,1,1,1,1,2,1,0,0,,,,,,,179,132,0,0,7,0,,,,,0,,,,
21444503120_10153343700598121,https://www.facebook.com/HireHeroesUSA/posts/10153343700598121:0,#GivingTuesday is HERE!  #Giveback by donating to Hire Heroes USA and make a difference in the life of a veteran this holiday season.  http://hubs.ly/H01r0KW0,Photo,,,12/1/2015 5:03,107,107,0,134,134,0,4,,3,1,,3,1,1,1,1,,,1,,,0,0,,,,,,,119,96,0,0,4,0,,,,,0,,,,
,,,,,,,,,,,,,,,,,,,,,,,,,,,,,,,,,,,,,,,,,,,,,,,,,,
,,,,,,,,,,,,,,,,,,,,,,,,,,,,,,,,,,,,,,,,,,,,,,,,,,
,,,,,,,,,,,,,,,,,,,,,,,,,,,,,,,,,,,,,,,,,,,,,,,,,,
,,,,,,,,,,,,,,,,,,,,,,,,,,,,,,,,,,,,,,,,,,,,,,,,,,
,,,,,,,,,,,,,,,,,,,,,,,,,,,,,,,,,,,,,,,,,,,,,,,,,,
,,,,,,,,,,,,,,,,,,,,,,,,,,,,,,,,,,,,,,,,,,,,,,,,,,
,,,,,,,,,,,,,,,,,,,,,,,,,,,,,,,,,,,,,,,,,,,,,,,,,,
,,,,,,,,,,,,,,,,,,,,,,,,,,,,,,,,,,,,,,,,,,,,,,,,,,
,,,,,,,,,,,,,,,,,,,,,,,,,,,,,,,,,,,,,,,,,,,,,,,,,,
,,,,,,,,,,,,,,,,,,,,,,,,,,,,,,,,,,,,,,,,,,,,,,,,,,
,,,,,,,,,,,,,,,,,,,,,,,,,,,,,,,,,,,,,,,,,,,,,,,,,,
,,,,,,,,,,,,,,,,,,,,,,,,,,,,,,,,,,,,,,,,,,,,,,,,,,
,,,,,,,,,,,,,,,,,,,,,,,,,,,,,,,,,,,,,,,,,,,,,,,,,,
,,,,,,,,,,,,,,,,,,,,,,,,,,,,,,,,,,,,,,,,,,,,,,,,,,
,,,,,,,,,,,,,,,,,,,,,,,,,,,,,,,,,,,,,,,,,,,,,,,,,,
,,,,,,,,,,,,,,,,,,,,,,,,,,,,,,,,,,,,,,,,,,,,,,,,,,
,,,,,,,,,,,,,,,,,,,,,,,,,,,,,,,,,,,,,,,,,,,,,,,,,,
,,,,,,,,,,,,,,,,,,,,,,,,,,,,,,,,,,,,,,,,,,,,,,,,,,
,,,,,,,,,,,,,,,,,,,,,,,,,,,,,,,,,,,,,,,,,,,,,,,,,,
,,,,,,,,,,,,,,,,,,,,,,,,,,,,,,,,,,,,,,,,,,,,,,,,,,
,,,,,,,,,,,,,,,,,,,,,,,,,,,,,,,,,,,,,,,,,,,,,,,,,,
,,,,,,,,,,,,,,,,,,,,,,,,,,,,,,,,,,,,,,,,,,,,,,,,,,
,,,,,,,,,,,,,,,,,,,,,,,,,,,,,,,,,,,,,,,,,,,,,,,,,,
,,,,,,,,,,,,,,,,,,,,,,,,,,,,,,,,,,,,,,,,,,,,,,,,,,
,,,,,,,,,,,,,,,,,,,,,,,,,,,,,,,,,,,,,,,,,,,,,,,,,,
,,,,,,,,,,,,,,,,,,,,,,,,,,,,,,,,,,,,,,,,,,,,,,,,,,
,,,,,,,,,,,,,,,,,,,,,,,,,,,,,,,,,,,,,,,,,,,,,,,,,,
,,,,,,,,,,,,,,,,,,,,,,,,,,,,,,,,,,,,,,,,,,,,,,,,,,
,,,,,,,,,,,,,,,,,,,,,,,,,,,,,,,,,,,,,,,,,,,,,,,,,,
,,,,,,,,,,,,,,,,,,,,,,,,,,,,,,,,,,,,,,,,,,,,,,,,,,
,,,,,,,,,,,,,,,,,,,,,,,,,,,,,,,,,,,,,,,,,,,,,,,,,,
,,,,,,,,,,,,,,,,,,,,,,,,,,,,,,,,,,,,,,,,,,,,,,,,,,
,,,,,,,,,,,,,,,,,,,,,,,,,,,,,,,,,,,,,,,,,,,,,,,,,,
,,,,,,,,,,,,,,,,,,,,,,,,,,,,,,,,,,,,,,,,,,,,,,,,,,
,,,,,,,,,,,,,,,,,,,,,,,,,,,,,,,,,,,,,,,,,,,,,,,,,,
,,,,,,,,,,,,,,,,,,,,,,,,,,,,,,,,,,,,,,,,,,,,,,,,,,
,,,,,,,,,,,,,,,,,,,,,,,,,,,,,,,,,,,,,,,,,,,,,,,,,,
,,,,,,,,,,,,,,,,,,,,,,,,,,,,,,,,,,,,,,,,,,,,,,,,,,
,,,,,,,,,,,,,,,,,,,,,,,,,,,,,,,,,,,,,,,,,,,,,,,,,,
,,,,,,,,,,,,,,,,,,,,,,,,,,,,,,,,,,,,,,,,,,,,,,,,,,
,,,,,,,,,,,,,,,,,,,,,,,,,,,,,,,,,,,,,,,,,,,,,,,,,,
,,,,,,,,,,,,,,,,,,,,,,,,,,,,,,,,,,,,,,,,,,,,,,,,,,
,,,,,,,,,,,,,,,,,,,,,,,,,,,,,,,,,,,,,,,,,,,,,,,,,,
,,,,,,,,,,,,,,,,,,,,,,,,,,,,,,,,,,,,,,,,,,,,,,,,,,
,,,,,,,,,,,,,,,,,,,,,,,,,,,,,,,,,,,,,,,,,,,,,,,,,,
,,,,,,,,,,,,,,,,,,,,,,,,,,,,,,,,,,,,,,,,,,,,,,,,,,
,,,,,,,,,,,,,,,,,,,,,,,,,,,,,,,,,,,,,,,,,,,,,,,,,,
,,,,,,,,,,,,,,,,,,,,,,,,,,,,,,,,,,,,,,,,,,,,,,,,,,
,,,,,,,,,,,,,,,,,,,,,,,,,,,,,,,,,,,,,,,,,,,,,,,,,,
,,,,,,,,,,,,,,,,,,,,,,,,,,,,,,,,,,,,,,,,,,,,,,,,,,
,,,,,,,,,,,,,,,,,,,,,,,,,,,,,,,,,,,,,,,,,,,,,,,,,,
,,,,,,,,,,,,,,,,,,,,,,,,,,,,,,,,,,,,,,,,,,,,,,,,,,
,,,,,,,,,,,,,,,,,,,,,,,,,,,,,,,,,,,,,,,,,,,,,,,,,,
,,,,,,,,,,,,,,,,,,,,,,,,,,,,,,,,,,,,,,,,,,,,,,,,,,
,,,,,,,,,,,,,,,,,,,,,,,,,,,,,,,,,,,,,,,,,,,,,,,,,,
,,,,,,,,,,,,,,,,,,,,,,,,,,,,,,,,,,,,,,,,,,,,,,,,,,
,,,,,,,,,,,,,,,,,,,,,,,,,,,,,,,,,,,,,,,,,,,,,,,,,,
,,,,,,,,,,,,,,,,,,,,,,,,,,,,,,,,,,,,,,,,,,,,,,,,,,
,,,,,,,,,,,,,,,,,,,,,,,,,,,,,,,,,,,,,,,,,,,,,,,,,,
,,,,,,,,,,,,,,,,,,,,,,,,,,,,,,,,,,,,,,,,,,,,,,,,,,
,,,,,,,,,,,,,,,,,,,,,,,,,,,,,,,,,,,,,,,,,,,,,,,,,,
,,,,,,,,,,,,,,,,,,,,,,,,,,,,,,,,,,,,,,,,,,,,,,,,,,
,,,,,,,,,,,,,,,,,,,,,,,,,,,,,,,,,,,,,,,,,,,,,,,,,,
,,,,,,,,,,,,,,,,,,,,,,,,,,,,,,,,,,,,,,,,,,,,,,,,,,
,,,,,,,,,,,,,,,,,,,,,,,,,,,,,,,,,,,,,,,,,,,,,,,,,,
,,,,,,,,,,,,,,,,,,,,,,,,,,,,,,,,,,,,,,,,,,,,,,,,,,
,,,,,,,,,,,,,,,,,,,,,,,,,,,,,,,,,,,,,,,,,,,,,,,,,,
,,,,,,,,,,,,,,,,,,,,,,,,,,,,,,,,,,,,,,,,,,,,,,,,,,
,,,,,,,,,,,,,,,,,,,,,,,,,,,,,,,,,,,,,,,,,,,,,,,,,,
,,,,,,,,,,,,,,,,,,,,,,,,,,,,,,,,,,,,,,,,,,,,,,,,,,
,,,,,,,,,,,,,,,,,,,,,,,,,,,,,,,,,,,,,,,,,,,,,,,,,,
,,,,,,,,,,,,,,,,,,,,,,,,,,,,,,,,,,,,,,,,,,,,,,,,,,
,,,,,,,,,,,,,,,,,,,,,,,,,,,,,,,,,,,,,,,,,,,,,,,,,,
,,,,,,,,,,,,,,,,,,,,,,,,,,,,,,,,,,,,,,,,,,,,,,,,,,
,,,,,,,,,,,,,,,,,,,,,,,,,,,,,,,,,,,,,,,,,,,,,,,,,,
,,,,,,,,,,,,,,,,,,,,,,,,,,,,,,,,,,,,,,,,,,,,,,,,,,
,,,,,,,,,,,,,,,,,,,,,,,,,,,,,,,,,,,,,,,,,,,,,,,,,,
,,,,,,,,,,,,,,,,,,,,,,,,,,,,,,,,,,,,,,,,,,,,,,,,,,
,,,,,,,,,,,,,,,,,,,,,,,,,,,,,,,,,,,,,,,,,,,,,,,,,,
,,,,,,,,,,,,,,,,,,,,,,,,,,,,,,,,,,,,,,,,,,,,,,,,,,
,,,,,,,,,,,,,,,,,,,,,,,,,,,,,,,,,,,,,,,,,,,,,,,,,,
,,,,,,,,,,,,,,,,,,,,,,,,,,,,,,,,,,,,,,,,,,,,,,,,,,
,,,,,,,,,,,,,,,,,,,,,,,,,,,,,,,,,,,,,,,,,,,,,,,,,,
,,,,,,,,,,,,,,,,,,,,,,,,,,,,,,,,,,,,,,,,,,,,,,,,,,
,,,,,,,,,,,,,,,,,,,,,,,,,,,,,,,,,,,,,,,,,,,,,,,,,,
,,,,,,,,,,,,,,,,,,,,,,,,,,,,,,,,,,,,,,,,,,,,,,,,,,
,,,,,,,,,,,,,,,,,,,,,,,,,,,,,,,,,,,,,,,,,,,,,,,,,,
,,,,,,,,,,,,,,,,,,,,,,,,,,,,,,,,,,,,,,,,,,,,,,,,,,
,,,,,,,,,,,,,,,,,,,,,,,,,,,,,,,,,,,,,,,,,,,,,,,,,,
,,,,,,,,,,,,,,,,,,,,,,,,,,,,,,,,,,,,,,,,,,,,,,,,,,
,,,,,,,,,,,,,,,,,,,,,,,,,,,,,,,,,,,,,,,,,,,,,,,,,,
,,,,,,,,,,,,,,,,,,,,,,,,,,,,,,,,,,,,,,,,,,,,,,,,,,
,,,,,,,,,,,,,,,,,,,,,,,,,,,,,,,,,,,,,,,,,,,,,,,,,,
,,,,,,,,,,,,,,,,,,,,,,,,,,,,,,,,,,,,,,,,,,,,,,,,,,
,,,,,,,,,,,,,,,,,,,,,,,,,,,,,,,,,,,,,,,,,,,,,,,,,,
,,,,,,,,,,,,,,,,,,,,,,,,,,,,,,,,,,,,,,,,,,,,,,,,,,
,,,,,,,,,,,,,,,,,,,,,,,,,,,,,,,,,,,,,,,,,,,,,,,,,,
,,,,,,,,,,,,,,,,,,,,,,,,,,,,,,,,,,,,,,,,,,,,,,,,,,
,,,,,,,,,,,,,,,,,,,,,,,,,,,,,,,,,,,,,,,,,,,,,,,,,,
,,,,,,,,,,,,,,,,,,,,,,,,,,,,,,,,,,,,,,,,,,,,,,,,,,
,,,,,,,,,,,,,,,,,,,,,,,,,,,,,,,,,,,,,,,,,,,,,,,,,,
,,,,,,,,,,,,,,,,,,,,,,,,,,,,,,,,,,,,,,,,,,,,,,,,,,
,,,,,,,,,,,,,,,,,,,,,,,,,,,,,,,,,,,,,,,,,,,,,,,,,,
,,,,,,,,,,,,,,,,,,,,,,,,,,,,,,,,,,,,,,,,,,,,,,,,,,
,,,,,,,,,,,,,,,,,,,,,,,,,,,,,,,,,,,,,,,,,,,,,,,,,,
,,,,,,,,,,,,,,,,,,,,,,,,,,,,,,,,,,,,,,,,,,,,,,,,,,
,,,,,,,,,,,,,,,,,,,,,,,,,,,,,,,,,,,,,,,,,,,,,,,,,,
,,,,,,,,,,,,,,,,,,,,,,,,,,,,,,,,,,,,,,,,,,,,,,,,,,
,,,,,,,,,,,,,,,,,,,,,,,,,,,,,,,,,,,,,,,,,,,,,,,,,,
,,,,,,,,,,,,,,,,,,,,,,,,,,,,,,,,,,,,,,,,,,,,,,,,,,
,,,,,,,,,,,,,,,,,,,,,,,,,,,,,,,,,,,,,,,,,,,,,,,,,,
,,,,,,,,,,,,,,,,,,,,,,,,,,,,,,,,,,,,,,,,,,,,,,,,,,
,,,,,,,,,,,,,,,,,,,,,,,,,,,,,,,,,,,,,,,,,,,,,,,,,,
,,,,,,,,,,,,,,,,,,,,,,,,,,,,,,,,,,,,,,,,,,,,,,,,,,
,,,,,,,,,,,,,,,,,,,,,,,,,,,,,,,,,,,,,,,,,,,,,,,,,,
,,,,,,,,,,,,,,,,,,,,,,,,,,,,,,,,,,,,,,,,,,,,,,,,,,
,,,,,,,,,,,,,,,,,,,,,,,,,,,,,,,,,,,,,,,,,,,,,,,,,,
,,,,,,,,,,,,,,,,,,,,,,,,,,,,,,,,,,,,,,,,,,,,,,,,,,
,,,,,,,,,,,,,,,,,,,,,,,,,,,,,,,,,,,,,,,,,,,,,,,,,,
,,,,,,,,,,,,,,,,,,,,,,,,,,,,,,,,,,,,,,,,,,,,,,,,,,
,,,,,,,,,,,,,,,,,,,,,,,,,,,,,,,,,,,,,,,,,,,,,,,,,,
,,,,,,,,,,,,,,,,,,,,,,,,,,,,,,,,,,,,,,,,,,,,,,,,,,
,,,,,,,,,,,,,,,,,,,,,,,,,,,,,,,,,,,,,,,,,,,,,,,,,,
,,,,,,,,,,,,,,,,,,,,,,,,,,,,,,,,,,,,,,,,,,,,,,,,,,
,,,,,,,,,,,,,,,,,,,,,,,,,,,,,,,,,,,,,,,,,,,,,,,,,,
,,,,,,,,,,,,,,,,,,,,,,,,,,,,,,,,,,,,,,,,,,,,,,,,,,
,,,,,,,,,,,,,,,,,,,,,,,,,,,,,,,,,,,,,,,,,,,,,,,,,,
,,,,,,,,,,,,,,,,,,,,,,,,,,,,,,,,,,,,,,,,,,,,,,,,,,
,,,,,,,,,,,,,,,,,,,,,,,,,,,,,,,,,,,,,,,,,,,,,,,,,,
,,,,,,,,,,,,,,,,,,,,,,,,,,,,,,,,,,,,,,,,,,,,,,,,,,
,,,,,,,,,,,,,,,,,,,,,,,,,,,,,,,,,,,,,,,,,,,,,,,,,,
,,,,,,,,,,,,,,,,,,,,,,,,,,,,,,,,,,,,,,,,,,,,,,,,,,
,,,,,,,,,,,,,,,,,,,,,,,,,,,,,,,,,,,,,,,,,,,,,,,,,,
,,,,,,,,,,,,,,,,,,,,,,,,,,,,,,,,,,,,,,,,,,,,,,,,,,
,,,,,,,,,,,,,,,,,,,,,,,,,,,,,,,,,,,,,,,,,,,,,,,,,,
,,,,,,,,,,,,,,,,,,,,,,,,,,,,,,,,,,,,,,,,,,,,,,,,,,
,,,,,,,,,,,,,,,,,,,,,,,,,,,,,,,,,,,,,,,,,,,,,,,,,,
,,,,,,,,,,,,,,,,,,,,,,,,,,,,,,,,,,,,,,,,,,,,,,,,,,
,,,,,,,,,,,,,,,,,,,,,,,,,,,,,,,,,,,,,,,,,,,,,,,,,,
,,,,,,,,,,,,,,,,,,,,,,,,,,,,,,,,,,,,,,,,,,,,,,,,,,
,,,,,,,,,,,,,,,,,,,,,,,,,,,,,,,,,,,,,,,,,,,,,,,,,,
,,,,,,,,,,,,,,,,,,,,,,,,,,,,,,,,,,,,,,,,,,,,,,,,,,
,,,,,,,,,,,,,,,,,,,,,,,,,,,,,,,,,,,,,,,,,,,,,,,,,,
,,,,,,,,,,,,,,,,,,,,,,,,,,,,,,,,,,,,,,,,,,,,,,,,,,
,,,,,,,,,,,,,,,,,,,,,,,,,,,,,,,,,,,,,,,,,,,,,,,,,,
,,,,,,,,,,,,,,,,,,,,,,,,,,,,,,,,,,,,,,,,,,,,,,,,,,
,,,,,,,,,,,,,,,,,,,,,,,,,,,,,,,,,,,,,,,,,,,,,,,,,,
,,,,,,,,,,,,,,,,,,,,,,,,,,,,,,,,,,,,,,,,,,,,,,,,,,
,,,,,,,,,,,,,,,,,,,,,,,,,,,,,,,,,,,,,,,,,,,,,,,,,,
,,,,,,,,,,,,,,,,,,,,,,,,,,,,,,,,,,,,,,,,,,,,,,,,,,
,,,,,,,,,,,,,,,,,,,,,,,,,,,,,,,,,,,,,,,,,,,,,,,,,,
,,,,,,,,,,,,,,,,,,,,,,,,,,,,,,,,,,,,,,,,,,,,,,,,,,
,,,,,,,,,,,,,,,,,,,,,,,,,,,,,,,,,,,,,,,,,,,,,,,,,,
,,,,,,,,,,,,,,,,,,,,,,,,,,,,,,,,,,,,,,,,,,,,,,,,,,
,,,,,,,,,,,,,,,,,,,,,,,,,,,,,,,,,,,,,,,,,,,,,,,,,,
,,,,,,,,,,,,,,,,,,,,,,,,,,,,,,,,,,,,,,,,,,,,,,,,,,
,,,,,,,,,,,,,,,,,,,,,,,,,,,,,,,,,,,,,,,,,,,,,,,,,,
,,,,,,,,,,,,,,,,,,,,,,,,,,,,,,,,,,,,,,,,,,,,,,,,,,
,,,,,,,,,,,,,,,,,,,,,,,,,,,,,,,,,,,,,,,,,,,,,,,,,,
,,,,,,,,,,,,,,,,,,,,,,,,,,,,,,,,,,,,,,,,,,,,,,,,,,
,,,,,,,,,,,,,,,,,,,,,,,,,,,,,,,,,,,,,,,,,,,,,,,,,,
,,,,,,,,,,,,,,,,,,,,,,,,,,,,,,,,,,,,,,,,,,,,,,,,,,
,,,,,,,,,,,,,,,,,,,,,,,,,,,,,,,,,,,,,,,,,,,,,,,,,,
,,,,,,,,,,,,,,,,,,,,,,,,,,,,,,,,,,,,,,,,,,,,,,,,,,
,,,,,,,,,,,,,,,,,,,,,,,,,,,,,,,,,,,,,,,,,,,,,,,,,,
,,,,,,,,,,,,,,,,,,,,,,,,,,,,,,,,,,,,,,,,,,,,,,,,,,
,,,,,,,,,,,,,,,,,,,,,,,,,,,,,,,,,,,,,,,,,,,,,,,,,,
,,,,,,,,,,,,,,,,,,,,,,,,,,,,,,,,,,,,,,,,,,,,,,,,,,
,,,,,,,,,,,,,,,,,,,,,,,,,,,,,,,,,,,,,,,,,,,,,,,,,,
,,,,,,,,,,,,,,,,,,,,,,,,,,,,,,,,,,,,,,,,,,,,,,,,,,
,,,,,,,,,,,,,,,,,,,,,,,,,,,,,,,,,,,,,,,,,,,,,,,,,,
,,,,,,,,,,,,,,,,,,,,,,,,,,,,,,,,,,,,,,,,,,,,,,,,,,
,,,,,,,,,,,,,,,,,,,,,,,,,,,,,,,,,,,,,,,,,,,,,,,,,,
,,,,,,,,,,,,,,,,,,,,,,,,,,,,,,,,,,,,,,,,,,,,,,,,,,
,,,,,,,,,,,,,,,,,,,,,,,,,,,,,,,,,,,,,,,,,,,,,,,,,,
,,,,,,,,,,,,,,,,,,,,,,,,,,,,,,,,,,,,,,,,,,,,,,,,,,
,,,,,,,,,,,,,,,,,,,,,,,,,,,,,,,,,,,,,,,,,,,,,,,,,,
,,,,,,,,,,,,,,,,,,,,,,,,,,,,,,,,,,,,,,,,,,,,,,,,,,
,,,,,,,,,,,,,,,,,,,,,,,,,,,,,,,,,,,,,,,,,,,,,,,,,,
,,,,,,,,,,,,,,,,,,,,,,,,,,,,,,,,,,,,,,,,,,,,,,,,,,
,,,,,,,,,,,,,,,,,,,,,,,,,,,,,,,,,,,,,,,,,,,,,,,,,,
,,,,,,,,,,,,,,,,,,,,,,,,,,,,,,,,,,,,,,,,,,,,,,,,,,
,,,,,,,,,,,,,,,,,,,,,,,,,,,,,,,,,,,,,,,,,,,,,,,,,,
,,,,,,,,,,,,,,,,,,,,,,,,,,,,,,,,,,,,,,,,,,,,,,,,,,
,,,,,,,,,,,,,,,,,,,,,,,,,,,,,,,,,,,,,,,,,,,,,,,,,,
,,,,,,,,,,,,,,,,,,,,,,,,,,,,,,,,,,,,,,,,,,,,,,,,,,
,,,,,,,,,,,,,,,,,,,,,,,,,,,,,,,,,,,,,,,,,,,,,,,,,,
,,,,,,,,,,,,,,,,,,,,,,,,,,,,,,,,,,,,,,,,,,,,,,,,,,
,,,,,,,,,,,,,,,,,,,,,,,,,,,,,,,,,,,,,,,,,,,,,,,,,,
,,,,,,,,,,,,,,,,,,,,,,,,,,,,,,,,,,,,,,,,,,,,,,,,,,
,,,,,,,,,,,,,,,,,,,,,,,,,,,,,,,,,,,,,,,,,,,,,,,,,,
,,,,,,,,,,,,,,,,,,,,,,,,,,,,,,,,,,,,,,,,,,,,,,,,,,
,,,,,,,,,,,,,,,,,,,,,,,,,,,,,,,,,,,,,,,,,,,,,,,,,,
,,,,,,,,,,,,,,,,,,,,,,,,,,,,,,,,,,,,,,,,,,,,,,,,,,
,,,,,,,,,,,,,,,,,,,,,,,,,,,,,,,,,,,,,,,,,,,,,,,,,,
,,,,,,,,,,,,,,,,,,,,,,,,,,,,,,,,,,,,,,,,,,,,,,,,,,
,,,,,,,,,,,,,,,,,,,,,,,,,,,,,,,,,,,,,,,,,,,,,,,,,,
,,,,,,,,,,,,,,,,,,,,,,,,,,,,,,,,,,,,,,,,,,,,,,,,,,
,,,,,,,,,,,,,,,,,,,,,,,,,,,,,,,,,,,,,,,,,,,,,,,,,,
,,,,,,,,,,,,,,,,,,,,,,,,,,,,,,,,,,,,,,,,,,,,,,,,,,
,,,,,,,,,,,,,,,,,,,,,,,,,,,,,,,,,,,,,,,,,,,,,,,,,,
,,,,,,,,,,,,,,,,,,,,,,,,,,,,,,,,,,,,,,,,,,,,,,,,,,
,,,,,,,,,,,,,,,,,,,,,,,,,,,,,,,,,,,,,,,,,,,,,,,,,,
,,,,,,,,,,,,,,,,,,,,,,,,,,,,,,,,,,,,,,,,,,,,,,,,,,
,,,,,,,,,,,,,,,,,,,,,,,,,,,,,,,,,,,,,,,,,,,,,,,,,,
,,,,,,,,,,,,,,,,,,,,,,,,,,,,,,,,,,,,,,,,,,,,,,,,,,
,,,,,,,,,,,,,,,,,,,,,,,,,,,,,,,,,,,,,,,,,,,,,,,,,,
,,,,,,,,,,,,,,,,,,,,,,,,,,,,,,,,,,,,,,,,,,,,,,,,,,
,,,,,,,,,,,,,,,,,,,,,,,,,,,,,,,,,,,,,,,,,,,,,,,,,,
,,,,,,,,,,,,,,,,,,,,,,,,,,,,,,,,,,,,,,,,,,,,,,,,,,
,,,,,,,,,,,,,,,,,,,,,,,,,,,,,,,,,,,,,,,,,,,,,,,,,,
,,,,,,,,,,,,,,,,,,,,,,,,,,,,,,,,,,,,,,,,,,,,,,,,,,
,,,,,,,,,,,,,,,,,,,,,,,,,,,,,,,,,,,,,,,,,,,,,,,,,,
,,,,,,,,,,,,,,,,,,,,,,,,,,,,,,,,,,,,,,,,,,,,,,,,,,
,,,,,,,,,,,,,,,,,,,,,,,,,,,,,,,,,,,,,,,,,,,,,,,,,,
,,,,,,,,,,,,,,,,,,,,,,,,,,,,,,,,,,,,,,,,,,,,,,,,,,
,,,,,,,,,,,,,,,,,,,,,,,,,,,,,,,,,,,,,,,,,,,,,,,,,,
,,,,,,,,,,,,,,,,,,,,,,,,,,,,,,,,,,,,,,,,,,,,,,,,,,
,,,,,,,,,,,,,,,,,,,,,,,,,,,,,,,,,,,,,,,,,,,,,,,,,,
,,,,,,,,,,,,,,,,,,,,,,,,,,,,,,,,,,,,,,,,,,,,,,,,,,
,,,,,,,,,,,,,,,,,,,,,,,,,,,,,,,,,,,,,,,,,,,,,,,,,,
,,,,,,,,,,,,,,,,,,,,,,,,,,,,,,,,,,,,,,,,,,,,,,,,,,
,,,,,,,,,,,,,,,,,,,,,,,,,,,,,,,,,,,,,,,,,,,,,,,,,,
,,,,,,,,,,,,,,,,,,,,,,,,,,,,,,,,,,,,,,,,,,,,,,,,,,
,,,,,,,,,,,,,,,,,,,,,,,,,,,,,,,,,,,,,,,,,,,,,,,,,,
,,,,,,,,,,,,,,,,,,,,,,,,,,,,,,,,,,,,,,,,,,,,,,,,,,
,,,,,,,,,,,,,,,,,,,,,,,,,,,,,,,,,,,,,,,,,,,,,,,,,,
,,,,,,,,,,,,,,,,,,,,,,,,,,,,,,,,,,,,,,,,,,,,,,,,,,
,,,,,,,,,,,,,,,,,,,,,,,,,,,,,,,,,,,,,,,,,,,,,,,,,,
,,,,,,,,,,,,,,,,,,,,,,,,,,,,,,,,,,,,,,,,,,,,,,,,,,
,,,,,,,,,,,,,,,,,,,,,,,,,,,,,,,,,,,,,,,,,,,,,,,,,,
,,,,,,,,,,,,,,,,,,,,,,,,,,,,,,,,,,,,,,,,,,,,,,,,,,
,,,,,,,,,,,,,,,,,,,,,,,,,,,,,,,,,,,,,,,,,,,,,,,,,,
,,,,,,,,,,,,,,,,,,,,,,,,,,,,,,,,,,,,,,,,,,,,,,,,,,
,,,,,,,,,,,,,,,,,,,,,,,,,,,,,,,,,,,,,,,,,,,,,,,,,,
,,,,,,,,,,,,,,,,,,,,,,,,,,,,,,,,,,,,,,,,,,,,,,,,,,
,,,,,,,,,,,,,,,,,,,,,,,,,,,,,,,,,,,,,,,,,,,,,,,,,,
,,,,,,,,,,,,,,,,,,,,,,,,,,,,,,,,,,,,,,,,,,,,,,,,,,
,,,,,,,,,,,,,,,,,,,,,,,,,,,,,,,,,,,,,,,,,,,,,,,,,,
,,,,,,,,,,,,,,,,,,,,,,,,,,,,,,,,,,,,,,,,,,,,,,,,,,
,,,,,,,,,,,,,,,,,,,,,,,,,,,,,,,,,,,,,,,,,,,,,,,,,,
,,,,,,,,,,,,,,,,,,,,,,,,,,,,,,,,,,,,,,,,,,,,,,,,,,
,,,,,,,,,,,,,,,,,,,,,,,,,,,,,,,,,,,,,,,,,,,,,,,,,,
,,,,,,,,,,,,,,,,,,,,,,,,,,,,,,,,,,,,,,,,,,,,,,,,,,
,,,,,,,,,,,,,,,,,,,,,,,,,,,,,,,,,,,,,,,,,,,,,,,,,,
,,,,,,,,,,,,,,,,,,,,,,,,,,,,,,,,,,,,,,,,,,,,,,,,,,
,,,,,,,,,,,,,,,,,,,,,,,,,,,,,,,,,,,,,,,,,,,,,,,,,,
,,,,,,,,,,,,,,,,,,,,,,,,,,,,,,,,,,,,,,,,,,,,,,,,,,
,,,,,,,,,,,,,,,,,,,,,,,,,,,,,,,,,,,,,,,,,,,,,,,,,,
,,,,,,,,,,,,,,,,,,,,,,,,,,,,,,,,,,,,,,,,,,,,,,,,,,
,,,,,,,,,,,,,,,,,,,,,,,,,,,,,,,,,,,,,,,,,,,,,,,,,,
,,,,,,,,,,,,,,,,,,,,,,,,,,,,,,,,,,,,,,,,,,,,,,,,,,
,,,,,,,,,,,,,,,,,,,,,,,,,,,,,,,,,,,,,,,,,,,,,,,,,,
,,,,,,,,,,,,,,,,,,,,,,,,,,,,,,,,,,,,,,,,,,,,,,,,,,
,,,,,,,,,,,,,,,,,,,,,,,,,,,,,,,,,,,,,,,,,,,,,,,,,,
,,,,,,,,,,,,,,,,,,,,,,,,,,,,,,,,,,,,,,,,,,,,,,,,,,
,,,,,,,,,,,,,,,,,,,,,,,,,,,,,,,,,,,,,,,,,,,,,,,,,,
,,,,,,,,,,,,,,,,,,,,,,,,,,,,,,,,,,,,,,,,,,,,,,,,,,
,,,,,,,,,,,,,,,,,,,,,,,,,,,,,,,,,,,,,,,,,,,,,,,,,,
,,,,,,,,,,,,,,,,,,,,,,,,,,,,,,,,,,,,,,,,,,,,,,,,,,
,,,,,,,,,,,,,,,,,,,,,,,,,,,,,,,,,,,,,,,,,,,,,,,,,,
,,,,,,,,,,,,,,,,,,,,,,,,,,,,,,,,,,,,,,,,,,,,,,,,,,
,,,,,,,,,,,,,,,,,,,,,,,,,,,,,,,,,,,,,,,,,,,,,,,,,,
,,,,,,,,,,,,,,,,,,,,,,,,,,,,,,,,,,,,,,,,,,,,,,,,,,
