Tweet permalink,Tweet text,Date,impressions,engagements,engagement rate,retweets,replies,likes,user profile clicks,url clicks,hashtag clicks,follows
https://twitter.com/HireHeroesUSA/status/685219370671423489,"When applying for job openings, consider how you can make yourself an attractive candidate for employment opportunities #TipsForVets",1/7/2016,366,6,0.016393443,3,0,3,0,0,0,0
https://twitter.com/HireHeroesUSA/status/685217515413307393,A sentinel at the Tomb of the Unknown Soldier stands guard during the first snow of 2015 #ThrowbackThursday https://t.co/9w7WOwHKnB,1/7/2016,527,18,0.034155598,6,0,5,0,0,0,0
https://twitter.com/HireHeroesUSA/status/685176985384030209,"You served your country proudly, so what's next? Join @RoadtripNation &amp; @the_USO in 2016. https://t.co/WmYuGAelEl https://t.co/UqijhjwOZz",1/7/2016,2927,34,0.011615989,6,0,8,4,6,0,0
https://twitter.com/HireHeroesUSA/status/685131889355689984,"@HireHeroesUSA will be teaching a transition workshop @FortCarsonArmy, CO Jan 26-27. Register today to attend https://t.co/WVuY7Tr73F #HHUSA",1/7/2016,496,7,0.014112903,3,0,4,0,0,0,0
https://twitter.com/HireHeroesUSA/status/684894726873563136,Are you a #veteran or #milspouse beginning a civilian career? Register for our free career coaching services today: https://t.co/q66N5oBCSS,1/7/2016,747,16,0.021419009,8,0,5,1,2,0,0
https://twitter.com/HireHeroesUSA/status/684845646130626560,#OnlyASelectFew can say they've proudly served in the United States Armed Forces. Thank you for your service! https://t.co/AEp7JIGPqJ,1/6/2016,604,3,0.004966887,1,0,1,1,0,0,0
https://twitter.com/HireHeroesUSA/status/684815580805881856,"WeÉ??ve partnered with @shawacademy &amp; @FlatironSchool to offer free, industry-recognized certifications to our clients https://t.co/q6ZCPgODoY",1/6/2016,1055,14,0.013270142,2,0,3,3,5,0,0
https://twitter.com/HireHeroesUSA/status/684771043941216257,"Join @HireHeroesUSA at @Fort_Belvoir, VA on Jan 26-27 for a free transition workshop.  Register today... https://t.co/rrW1Q8hf52",1/6/2016,1464,7,0.004781421,4,0,2,1,0,0,0
https://twitter.com/HireHeroesUSA/status/684494426111107074,A successful transition from the military to a civilian career starts with Hire Heroes USA. Register today: https://t.co/qL7ls3f11X,1/5/2016,800,13,0.01625,7,0,6,0,0,0,0
https://twitter.com/HireHeroesUSA/status/684452271950827520,"@HireHeroesUSA will be at @forthood, TX Jan 20-21 for a transition workshop. Register here to attend https://t.co/kdpPMxU4FA @fthoodsentinel",1/5/2016,468,9,0.019230769,2,0,2,3,2,0,0
https://twitter.com/HireHeroesUSA/status/684131540197093377,Become a better job candidate with training programs and certifications from @shawacademy and @FlatironSchool: https://t.co/DYbNyQB5vb,1/4/2016,876,12,0.01369863,6,0,4,0,1,0,0
https://twitter.com/HireHeroesUSA/status/684113215077388293,@Raphaeleads @TeamRWB @AmericanLegion Please have her register with us for free: https://t.co/torLkfYWCb,1/4/2016,309,18,0.058252427,2,1,5,5,0,0,0
https://twitter.com/HireHeroesUSA/status/684044396103397376,.@RoadtripNation &amp; @the_USO are taking a road trip this spring to meet veterans with incredible stories. Join them: https://t.co/3Sm2e2JQqm,1/4/2016,840,11,0.013095238,3,0,7,0,1,0,0
https://twitter.com/HireHeroesUSA/status/684031067708329984,Thank you @NAVSOInc! We're proud of @BrianStann and this wonderful honor. https://t.co/Sfta78iaB0,1/4/2016,751,11,0.014647137,4,0,5,2,0,0,0
https://twitter.com/HireHeroesUSA/status/682750722706915328,@NCRCorporation #veterans Thanks for the support! You guys and gals are awesome,1/1/2016,219,6,0.02739726,1,0,3,1,0,0,0
https://twitter.com/HireHeroesUSA/status/682681568557711360,"Thank you to all of you who donated this year. From the team at #HHUSA, #HappyNewYear https://t.co/0gc1OoffO0 https://t.co/xqR7ZP6K90",12/31/2015,7847,64,0.008155983,6,0,12,5,4,0,1
https://twitter.com/HireHeroesUSA/status/682595677076062208,"You made 2015 a huge success, but let's see what you can do in 2016! Thank you for the awesome support https://t.co/e4N6oyG0bq #veterans",12/31/2015,986,20,0.020283976,8,0,8,1,1,0,0
https://twitter.com/HireHeroesUSA/status/682327812666167296,Earn industry-recognized certifications to add to your #resume or #LinkedIn profile for free. Get started today: https://t.co/qTyF4DIiRr,12/30/2015,2070,12,0.005797101,4,0,3,0,2,0,0
https://twitter.com/HireHeroesUSA/status/682318271731920902,ATTN #veterans ages 21-35: @RoadtripNation and @the_USO are looking for veterans to join them on the road in 2016: https://t.co/DMYaYPNe5c,12/30/2015,1483,27,0.018206339,10,0,6,0,5,0,1
https://twitter.com/HireHeroesUSA/status/682276816808206336,Thank you to everyone who donated to Hire Heroes USA in 2015. You helped 3000+ #veterans find employment. Well Done! https://t.co/ArlcJrFHK0,12/30/2015,855,8,0.009356725,3,0,5,0,0,0,0
https://twitter.com/HireHeroesUSA/status/682231334731956224,Happy New Year from Hire Heroes USA. Our resolution is to assist even more veterans and military spouses find jobs! https://t.co/WTFi0jxKsN,12/30/2015,835,15,0.017964072,4,0,6,1,0,0,0
https://twitter.com/HireHeroesUSA/status/681955098180882432,"From the team at Hire Heroes USA, we thank you for your contributions in 2015. This was your impact... https://t.co/gEntGxNIAD #veterans",12/29/2015,1018,23,0.02259332,10,0,7,1,3,0,0
https://twitter.com/HireHeroesUSA/status/681914880702722048,Get noticed on LinkedIn by joining various LinkedIn Groups. Post an introduction and engage with questions/comments. #TipsForVets,12/29/2015,881,10,0.011350738,3,0,6,0,0,0,0
https://twitter.com/HireHeroesUSA/status/681869047735140353,Your donation to will turn obstacles into opportunities for #veterans in 2016.  Give the gift of employment today. https://t.co/4wOKPenHCb,12/29/2015,1002,7,0.006986028,4,0,3,0,0,0,0
https://twitter.com/HireHeroesUSA/status/681865402603954177,That is awesome @heatherinidaho! We are glad @HireHeroesUSA was able to help and good luck in the new career. #success,12/29/2015,745,8,0.010738255,1,0,3,0,0,0,0
https://twitter.com/HireHeroesUSA/status/681595331549773824,Help us start 2016 off right through your tax deductible donation. Give #veterans the gift of employment in 2016. https://t.co/0F8gjPuBaW,12/28/2015,738,9,0.012195122,4,0,4,1,0,0,0
https://twitter.com/HireHeroesUSA/status/681552894261346305,Start 2016 off right with a new suit and supporting veteran employment by supporting Hire Heroes USA.https://t.co/1eczJ2FwiQ,12/28/2015,977,13,0.013306039,3,1,7,0,2,0,0
https://twitter.com/HireHeroesUSA/status/681508110691921921,"#TDIH In 1832, John C. Calhoun becomes the first vice president in U.S. history to resign the office to fill a vacant Senate seat in SC.",12/28/2015,883,3,0.003397508,2,0,1,0,0,0,0
https://twitter.com/HireHeroesUSA/status/681270863036059648,"You served your country proudly, so what's next? Join @RoadtripNation &amp; @the_USO in 2016. https://t.co/wWGfq4HYco https://t.co/EBHDTFCvQn",12/28/2015,1473,44,0.029871012,12,0,9,2,11,0,0
https://twitter.com/HireHeroesUSA/status/681230728785444865,ThereÉ??s a new perk to working with Hire Heroes USA! Free training from @shawacademy and @FlatironSchool. Learn more: https://t.co/VdiC6ktyUo,12/27/2015,1252,15,0.011980831,5,0,5,1,4,0,0
https://twitter.com/HireHeroesUSA/status/681143752170311680,"A professionally written r??sum?? can cost over $100, but your donations provide this FREE for veterans &amp; spouses. https://t.co/71Kw3ychCs",12/27/2015,630,12,0.019047619,3,0,3,0,2,0,0
https://twitter.com/HireHeroesUSA/status/680867705654751232,.@RoadtripNation &amp; @the_USO are taking a road trip this spring to meet veterans with incredible stories. Join them: https://t.co/WYa2EdyN4k,12/26/2015,730,6,0.008219178,2,0,2,0,0,0,0
https://twitter.com/HireHeroesUSA/status/680827131685900288,"Make a difference in the lives of our nationÉ??s heroes and their families, donate today. https://t.co/fOVxhdxzdZ https://t.co/oYQ5esKCzs",12/26/2015,779,16,0.020539153,4,0,8,0,0,0,0
https://twitter.com/HireHeroesUSA/status/680504794323238912,We will be closed 12/24 thru 1/3/2016. We hope you have a wonderful holiday season. See you in 2016! https://t.co/kCoPFZQHie,12/25/2015,777,12,0.015444015,3,0,5,0,0,0,1
https://twitter.com/HireHeroesUSA/status/680059908709060612,Thank you for your donations in 2015! You made a HUGE impact on the lives of the clients we serve daily. https://t.co/Pr841liPE3 #veterans,12/24/2015,927,12,0.012944984,7,0,5,0,0,0,0
https://twitter.com/HireHeroesUSA/status/679781741729562625,"Thank you @Sockwork1, for donating part of your December sales to Hire Heroes USA. Learn more about Sockwork here: https://t.co/JvwMKhLZJh",12/23/2015,679,4,0.005891016,0,0,2,1,0,0,0
https://twitter.com/HireHeroesUSA/status/679740228358266880,Write a dynamic cover letter that will leave the hiring manager wanting to read your resume. #TipsForVets,12/23/2015,875,10,0.011428571,6,0,4,0,0,0,0
https://twitter.com/HireHeroesUSA/status/679708043748225024,ATTN #veterans ages 21-35: @RoadtripNation and @the_USO are looking for veterans to join them on the road in 2016: https://t.co/ijcRyJ5V8Z,12/23/2015,852,8,0.009389671,2,0,3,0,1,0,0
https://twitter.com/HireHeroesUSA/status/679699235131011072,WATM named Hire Heroes USA CEO @BrianStann 1 of the Mighty 25 vets poised for impact in 2016. Read the full article: https://t.co/NWsEMMRcJN,12/23/2015,836,20,0.023923445,6,0,7,1,4,0,0
https://twitter.com/HireHeroesUSA/status/679697685356638208,"When you donate $10, you provide a #veteran with a critical career counseling session https://t.co/I7yfAAy9ga https://t.co/pclRw21SA6",12/23/2015,708,8,0.011299435,2,0,2,0,0,0,0
https://twitter.com/HireHeroesUSA/status/679660226816114692,Hire Heroes USA CEO?ˇ@BrianStann?ˇjoins Gary Freeman LIVE this morning on?ˇ@KGABradio. Listen online now:?ˇhttps://t.co/Xht9Xzc5xT,12/23/2015,671,8,0.011922504,2,0,3,1,2,0,0
https://twitter.com/HireHeroesUSA/status/679496668434268160,Come see for yourself why Hire Heroes USA has been awarded Best in Class distinctions from our partners. Register: https://t.co/aefmgepazg,12/23/2015,892,9,0.010089686,4,0,4,0,0,0,0
https://twitter.com/HireHeroesUSA/status/679443821516709888,Don't miss our CEO?ˇ@BrianStann?ˇon?ˇ@KGABradio?ˇduring your Wednesday morning commute at 9am EST. Listen live online:?ˇhttps://t.co/Ouu5sHUsyE,12/22/2015,669,6,0.00896861,1,0,1,1,1,0,0
https://twitter.com/HireHeroesUSA/status/679419627085148161,"#veterans encounter obstacles when transitioning to the civilian work force, but your donations create opportunities https://t.co/aI4RjBqZka",12/22/2015,1073,11,0.010251631,5,0,6,0,0,0,0
https://twitter.com/HireHeroesUSA/status/679391105914376192,Shop @AmazonSmile and a portion of your purchase benefits Hire Heroes USA: https://t.co/4gRCjNG3zN,12/22/2015,658,2,0.003039514,1,0,0,0,0,0,0
https://twitter.com/HireHeroesUSA/status/679379590947708929,"The first day of winter is upon us, and the Hire Heroes USA team is all cozy in the office with a cup of cocoa. https://t.co/uNaFkIRP0m",12/22/2015,743,9,0.012113055,2,0,3,0,1,0,0
https://twitter.com/HireHeroesUSA/status/679353213074726912,"We want to congratulate our Plano, TX Office Manager on earning his MPA from @UT_Dallas last week. Way to go Kwami! https://t.co/szRQ53mqUF",12/22/2015,1069,13,0.012160898,3,0,7,1,0,0,0
https://twitter.com/HireHeroesUSA/status/679333907838443520,DonÉ??t trust spellcheck.  ItÉ??s always good to have a second set of eyes review your resume. #TipsForVets,12/22/2015,669,2,0.002989537,1,0,0,0,0,0,0
https://twitter.com/HireHeroesUSA/status/679320502347894785,Drive time radio fans: Tune to?ˇ@KGABradio?ˇthis Wed. at 9am EST to hear?ˇ@BrianStann?ˇon KGAB Mornings w/ Gary Freeman.?ˇhttps://t.co/qd3bMeBGKR,12/22/2015,750,5,0.006666667,1,0,1,2,0,0,0
https://twitter.com/HireHeroesUSA/status/679307916621570048,"WeÉ??ve partnered with @shawacademy &amp; @FlatironSchool to offer free, industry-recognized certifications to our clients https://t.co/n4NoLaZiEC",12/22/2015,2712,54,0.019911504,11,0,12,5,19,0,0
https://twitter.com/HireHeroesUSA/status/679081431084212224,"Donate to @HireHeroesUSA, &amp; provide opportunities for transitioning military members, #veterans &amp; their spouses https://t.co/FIuHx9kT5J",12/21/2015,717,8,0.011157601,3,0,3,0,0,0,0
https://twitter.com/HireHeroesUSA/status/679056346248052741,Hire Heroes USA thanks partners like @altrianews who provide support to our mission of empowering veterans to succeed in the workforce.,12/21/2015,759,7,0.009222661,2,1,3,0,0,0,0
https://twitter.com/HireHeroesUSA/status/679028609835749377,Don't miss our CEO?ˇ@BrianStann?ˇon?ˇ@KGABradio?ˇduring your Wednesday morning commute at 9am EST. Listen live online:?ˇhttps://t.co/L9zisWcdaO,12/21/2015,567,2,0.003527337,0,0,0,0,0,0,0
https://twitter.com/HireHeroesUSA/status/679015444951515141,Keep your feet warm and stylish this winter w/ a @Sockwork1 subscription. Sign up in Dec. to benefit Hire Heroes USA https://t.co/tGlXK2o3Pq,12/21/2015,607,5,0.008237232,1,0,3,1,0,0,0
https://twitter.com/HireHeroesUSA/status/678983284609720324,Drive time radio fans: Tune to?ˇ@KGABradio?ˇthis Wed. at 9am EST to hear?ˇ@BrianStann?ˇon KGAB Mornings w/ Gary Freeman.?ˇhttps://t.co/2OBgb7iqAO,12/21/2015,595,5,0.008403361,1,0,2,1,1,0,0
https://twitter.com/HireHeroesUSA/status/678971471092404224,"#TDIH In 1945, General Patton, commander of the U.S. 3rd Army during WWII, dies from injuries suffered in a car accident on post in Germany.",12/21/2015,483,0,0,0,0,0,0,0,0,0
https://twitter.com/HireHeroesUSA/status/678938132260200448,.@RoadtripNation &amp; @the_USO are seeking veterans 21-35 to join them on the road this spring: https://t.co/lOIOqveRGF https://t.co/wt0BGPBGfl,12/21/2015,4221,46,0.010897891,10,0,8,3,8,0,2
https://twitter.com/HireHeroesUSA/status/678695404062580736,Choose Hire Heroes USA when you shop @AmazonSmile and they will donate part of every qualifying purchase: https://t.co/g45hhUksNr,12/20/2015,652,7,0.010736196,2,0,5,0,0,0,0
https://twitter.com/HireHeroesUSA/status/678653846349078528,DYK: 90% of employed #milspouse reported being underemployed. Your donation can help change that. Donate today https://t.co/Qq4gZmkCwN,12/20/2015,878,14,0.01594533,3,0,3,1,3,0,0
https://twitter.com/HireHeroesUSA/status/678607852324462592,"DYK: For every dollar you invest in #HHUSA, $6.51 is returned in net benefit to the veterans and spouses we service. https://t.co/mcYbdyaZH0",12/20/2015,617,7,0.011345219,3,0,4,0,0,0,0
https://twitter.com/HireHeroesUSA/status/678332343644499968,Your donations help turn obstacles into opportunities for #milspouse. Donate today to give the gift of employment https://t.co/ZHa4NMVy82,12/19/2015,1151,17,0.014769765,8,0,5,2,1,0,0
https://twitter.com/HireHeroesUSA/status/678290710496432128,Set Hire Heroes USA as your preferred charity on @AmazonSmile and make an impact with every purchase: https://t.co/J8YI8kA4c7,12/19/2015,658,8,0.012158055,2,0,4,1,0,0,0
https://twitter.com/HireHeroesUSA/status/678244917211226112,85% #milspouse want or need to work. Your donations to #HHUSA helps these #milspouse find employment. Donate today https://t.co/t1jVuWOABH,12/19/2015,699,6,0.008583691,3,0,3,0,0,0,0
https://twitter.com/HireHeroesUSA/status/678242387202842624,ONLY 1 HOUR LEFT to bid on this #BlackOps3 PS4 bundle. Bid now: https://t.co/M0kV2G0ZLa https://t.co/bP62ISA5u4,12/19/2015,610,13,0.021311475,1,0,1,0,8,0,0
https://twitter.com/HireHeroesUSA/status/678227035966324737,ONLY 2 HRS LEFT to bid on this #BlackOps3 PS4 bundle. Bid now: https://t.co/a24GkXMvPb https://t.co/DyntK7zwEg,12/19/2015,584,3,0.005136986,0,0,0,0,3,0,0
https://twitter.com/HireHeroesUSA/status/678167900797169664,ONLY 6 HRS LEFT to bid on this #BlackOps3 PS4 bundle. Bid now: https://t.co/pvz08T4swv https://t.co/52qSjh1ft6,12/19/2015,595,6,0.010084034,0,0,2,0,4,0,0
https://twitter.com/HireHeroesUSA/status/678076040766480385,ONLY 12 HRS LEFT to bid on this #BlackOps3 PS4 bundle. Bid now: https://t.co/06kjVVw7Ym https://t.co/VWF3pnMhAu,12/19/2015,657,5,0.00761035,1,0,1,0,3,0,0
https://twitter.com/HireHeroesUSA/status/678001812226646016,"Whether your EAS is 9 months away or was 9 months ago, our FREE career coaching services are for you. https://t.co/KMOiP9Df9U",12/19/2015,776,8,0.010309278,3,0,3,0,2,0,0
https://twitter.com/HireHeroesUSA/status/677969154914312196,"Your donations sent 1,484 service members, veterans &amp; spouses to transitions workshops in 2015. Donate today https://t.co/bXvhhCMhdG",12/18/2015,648,8,0.012345679,4,0,3,1,0,0,0
https://twitter.com/HireHeroesUSA/status/677941523162513409,"Don't mess with these tacky Texans! Our Plano, TX office celebrated #UglySweaterDay with a variety of holiday gear. https://t.co/j6XAPlL9zr",12/18/2015,915,9,0.009836066,1,0,5,1,0,0,0
https://twitter.com/HireHeroesUSA/status/677927460458143744,Smile during an interview to evoke confidence and ease. #TipsForVets,12/18/2015,548,7,0.012773723,1,0,2,1,0,0,0
https://twitter.com/HireHeroesUSA/status/677908039425478656,We busted out our tackiest and ugliest attire to celebrate #UglySweaterDay today at Hire Heroes USA HQ https://t.co/9MmEW1fYvF,12/18/2015,626,29,0.046325879,0,0,3,1,3,0,0
https://twitter.com/HireHeroesUSA/status/677896342920953856,ONLY 24 HRS LEFT to bid on this #BlackOps3 PS4 bundle. Bid now: https://t.co/plqejodqkM https://t.co/X9Re1bah3Y,12/18/2015,583,5,0.008576329,1,0,0,0,4,0,0
https://twitter.com/HireHeroesUSA/status/677885587425103872,In 2015 #HHUSA helped 450+ #milspouse &amp; veteran's spouses with our free services. Donate today to help more https://t.co/LW0a7VHQw6,12/18/2015,782,6,0.007672634,3,0,3,0,0,0,0
https://twitter.com/HireHeroesUSA/status/677884933877166080,Keep your feet warm and stylish this winter w/ a @Sockwork1 subscription. Sign up in Dec. to benefit Hire Heroes USA https://t.co/Muv99gg969,12/18/2015,542,1,0.001845018,1,0,0,0,0,0,0
https://twitter.com/HireHeroesUSA/status/677858354774020096,"We've assisted 1,400 more veterans and spouses find jobs in 2015 than had in all of 2014. Read more: https://t.co/yemv6tH2CV",12/18/2015,645,14,0.021705426,3,0,6,1,3,0,0
https://twitter.com/HireHeroesUSA/status/677808032647127040,"2015 has been our best year ever! 117 hires in one week and more than 3,200 veterans and spouses hired in total. https://t.co/YDJzT7LCDQ",12/18/2015,801,13,0.016229713,4,0,7,0,2,0,0
https://twitter.com/HireHeroesUSA/status/677669624599715840,Support veteran employment while holiday shopping with @AmazonSmile. Set Hire Heroes USA as your charity to start: https://t.co/QaTE4TeU4u,12/18/2015,588,3,0.005102041,2,0,1,0,0,0,0
https://twitter.com/HireHeroesUSA/status/677607813745655812,ICYMI: Your donations helped 3100+ veterans &amp; spouses find employment in 2015. Donate today to help even more https://t.co/LG5Js0rrXg,12/17/2015,544,6,0.011029412,4,0,2,0,0,0,0
https://twitter.com/HireHeroesUSA/status/677582788439220224,DonÉ??t miss out on this AWESOME deal! Bid on this #BlackOps3 PS4 bundle &amp; help #veterans find jobs: https://t.co/jhWLC6z0EG,12/17/2015,516,8,0.015503876,1,0,1,3,1,0,0
https://twitter.com/HireHeroesUSA/status/677564625295134721,USS Kidd &amp; USS Wayne E. Meyer during Naval Base San DiegoÉ??s 3rd annual Holiday Lights Open House?ˇ#TBT https://t.co/ZPcv93HoDi,12/17/2015,662,6,0.009063444,4,0,2,0,0,0,0
https://twitter.com/HireHeroesUSA/status/677533190681206784,Check out @Sockwork1 at https://t.co/npetlp1oSv https://t.co/sXJPqhdZpR,12/17/2015,435,1,0.002298851,0,0,0,0,0,0,0
https://twitter.com/HireHeroesUSA/status/677522411923861504,Numbers donÉ??t lie.  This is how your donation directly helps veterans. Donate today https://t.co/ZT5sDDXVQj https://t.co/BHojj8GilE,12/17/2015,913,16,0.017524644,7,0,7,0,0,0,0
https://twitter.com/HireHeroesUSA/status/677488426564866049,Buy the perfect holiday gift &amp; help veterans find work. Bid on our #BlackOps3 PS4 bundle:  https://t.co/TTMnHljxpZ https://t.co/Gc8oFwWNv7,12/17/2015,596,4,0.006711409,1,0,1,1,1,0,0
https://twitter.com/HireHeroesUSA/status/677314781481713667,ATTN @eBay shoppers: bid now on our HHUSA #BlackOps3 PS4 bundle. All proceeds go toward helping #vets find jobs: https://t.co/R7h9X42VJc,12/17/2015,556,7,0.012589928,0,0,2,0,4,0,0
https://twitter.com/HireHeroesUSA/status/677269491651358721,"ICYMI: @LukeRockhold donated $5,000 to Hire Heroes USA before becoming the UFC Middleweight Champion Saturday. https://t.co/hDj31J4Mvx",12/16/2015,521,11,0.021113244,2,0,7,0,0,0,0
https://twitter.com/HireHeroesUSA/status/677246008166899712,Shop @AmazonSmile and a portion of your purchase benefits Hire Heroes USA: https://t.co/dVsYo2JKrt,12/16/2015,485,4,0.008247423,2,0,2,0,0,0,0
https://twitter.com/HireHeroesUSA/status/677244248203374593,@RShackRecruiter We'd love to help! Please send us a message and we'll connect you to the right person here at Hire Heroes USA,12/16/2015,56,3,0.053571429,0,1,0,2,0,0,0
https://twitter.com/HireHeroesUSA/status/677205838700875777,Your donations help #HHUSA work one-on-one w/ military members at no-cost to them. Donate to keep our services free https://t.co/hLcdXMjwI8,12/16/2015,587,5,0.008517888,2,0,2,0,1,0,0
https://twitter.com/HireHeroesUSA/status/677178971876933632,.@Activision and @CODE4Vets donated another Black Ops III PS4 bundle for us to auction. Bid now: https://t.co/RxwosuwLJi,12/16/2015,594,7,0.011784512,3,0,3,0,0,0,0
https://twitter.com/HireHeroesUSA/status/677159585749291008,"Your donations helped confirm 1K+ #veterans hired in first 9mo of 2015, w/ 47% conversion rate from helped to hired https://t.co/DEyhNpwySR",12/16/2015,721,7,0.009708738,2,0,4,0,1,0,0
https://twitter.com/HireHeroesUSA/status/677154801772285952,"@RodneyJames138 Hi Rodney, there are lots of ways you and @USAA can help! Learn more on our site: https://t.co/z4nNa1L9qY",12/16/2015,52,2,0.038461538,0,1,0,0,0,0,0
https://twitter.com/HireHeroesUSA/status/676922201191358464,Our PS4 bundle auction includes autographed @BrianStann collectibles. Bid now: https://t.co/ya865s1xDL,12/16/2015,8358,107,0.012802106,4,2,7,5,74,0,0
https://twitter.com/HireHeroesUSA/status/676883960178335745,"Your donations in 2015 provided employment for 3,100+ veterans and spouses. Give the gift of employment by donating  https://t.co/G9q7ooA4kb",12/15/2015,4274,14,0.00327562,5,0,5,1,0,0,0
https://twitter.com/HireHeroesUSA/status/676858059466121216,"Congratulations to our Raleigh, NC Office Manager Johnathan for earning the Patriotic Employer Award from the?ˇ@ESGR! https://t.co/iILhzeWEak",12/15/2015,557,10,0.017953321,0,0,4,2,0,0,0
https://twitter.com/HireHeroesUSA/status/676841629098057730,"For every dollar you invest in #HHUSA, $6.51 is returned in net benefit to the veterans and spouses we service. https://t.co/jXqPfEWzel",12/15/2015,618,7,0.011326861,3,0,3,0,0,0,0
https://twitter.com/HireHeroesUSA/status/676808960511492096,"Our laser focus has lead to over 3,000 hired veterans and spouses in 2015. Your civilian success starts here. https://t.co/wE2AkyzX34",12/15/2015,528,12,0.022727273,2,0,3,4,0,0,0
https://twitter.com/HireHeroesUSA/status/676799688352407552,"Always make sure to send a thank you to everyone you interview with, within a 24-hour window following the interview. #TipsForVets",12/15/2015,527,6,0.011385199,2,0,2,0,0,1,0
https://twitter.com/HireHeroesUSA/status/676781078200348673,"Bid on this Call of Duty: Black Ops III PS4 bundle, now through Saturday at 12noon EST. https://t.co/Fd3L03MOCS https://t.co/NWQ80j4dsB",12/15/2015,698,14,0.020057307,5,0,3,0,3,0,0
https://twitter.com/HireHeroesUSA/status/676582509086244864,"ICYMI: @LukeRockhold donated $5,000 to Hire Heroes USA before becoming the UFC Middleweight Champion Saturday. https://t.co/j5blF3MX2u",12/15/2015,2312,44,0.019031142,10,0,10,2,10,0,1
https://twitter.com/HireHeroesUSA/status/676559797429346304,Still looking for Holiday gifts? Shop @AmazonSmile and donate a portion of your sale to Hire Heroes USA: https://t.co/RpdhVP0cSB,12/15/2015,562,8,0.014234875,3,0,5,0,0,0,0
https://twitter.com/HireHeroesUSA/status/676520332212195328,"This month, when you subscribe to @Sockwork1, a portion of your order will benefit Hire Heroes USA. Shop now: https://t.co/Ry61oQebEO",12/14/2015,643,10,0.0155521,3,0,5,1,0,0,0
https://twitter.com/HireHeroesUSA/status/676481588352413700,"Donations like yours deliver scalable, personalized employment solutions at no cost to the veteran or spouse. Donate https://t.co/NMI7LlBhWD",12/14/2015,728,5,0.006868132,2,0,3,0,0,0,0
https://twitter.com/HireHeroesUSA/status/676453592505667584,@giftfluence Thank you for the continued support,12/14/2015,114,9,0.078947368,2,0,2,1,0,0,0
https://twitter.com/HireHeroesUSA/status/676437385182318593,Your donations cut the duration of unemployment for our veterans &amp; spouses from 26 to 13 weeks. Help keep it going https://t.co/09JktrbKBI,12/14/2015,671,5,0.007451565,3,0,1,1,0,0,0
https://twitter.com/HireHeroesUSA/status/675912266349453312,Congrats to the new Middleweight Champion of the World @LukeRockhold! Well deserved after a great fight. @BrianStann @AmericanEthanol #HHUSA,12/13/2015,16606,130,0.007828496,14,0,33,28,0,0,1
https://twitter.com/HireHeroesUSA/status/675894673181966336,"Thanks @LukeRockhold, @ryanbader, and @AmericanEthanol for donating in support of veteran employment!  https://t.co/plNe0JZN4d",12/13/2015,666,7,0.010510511,3,0,4,0,0,0,0
https://twitter.com/HireHeroesUSA/status/675868995862556672,.@AmericanEthanol @LukeRockhold Thank you for bringing attention to #veteran unemployment. Good luck tonight. #UFC194 @BrianStann,12/13/2015,757,13,0.017173052,2,0,8,0,0,1,0
https://twitter.com/HireHeroesUSA/status/675785948651724800,"""Helping?ˇ#veterans?ˇget back in the workplace is the least that I can do for these warriors allowing me to fulfill my dreams.""@LukeRockhold",12/12/2015,2533,27,0.010659297,8,2,10,2,0,0,0
https://twitter.com/HireHeroesUSA/status/675755947579596801,A pledge to Hire Heroes USA is a pledge to end veteran unemployment. Use CFC# 59856 to make your 2016 gift or pledge today.,12/12/2015,535,9,0.01682243,3,0,6,0,0,0,0
https://twitter.com/HireHeroesUSA/status/675718001132441600,É??It is important to me to help veterans get back into the workplaceÉ?ù @LukeRockhold &amp; @AmericanEthanol showing support for Hire Heroes USA,12/12/2015,1039,27,0.025986526,9,0,11,4,0,0,0
https://twitter.com/HireHeroesUSA/status/675711364082614272,@UFCONFOX @BrianStann  @ufc We can't thank you enough for supporting vets @LukeRockhold. Best of luck tonight. https://t.co/Z34UlY0GTH,12/12/2015,205,13,0.063414634,1,0,4,2,0,0,0
https://twitter.com/HireHeroesUSA/status/675709155206963200,"When you donate, you help put veterans to work. #giveback this Christmas and donate today https://t.co/rLY6QFDwcU https://t.co/EiiSndRxsp",12/12/2015,861,19,0.022067364,6,0,7,2,2,0,0
https://twitter.com/HireHeroesUSA/status/675434101546065921,Unemployed veterans need your help this Christmas. Give them the gift of employment by donating today #giveback https://t.co/2Wnhl6iVEW,12/11/2015,1685,26,0.015430267,9,0,11,2,1,0,0
https://twitter.com/HireHeroesUSA/status/675393356445405186,"This month, when you subscribe to @Sockwork1, a portion of your order will benefit Hire Heroes USA. https://t.co/6ssXtaWtb7",12/11/2015,693,9,0.012987013,3,0,5,1,0,0,0
https://twitter.com/HireHeroesUSA/status/675382065454579712,A successful transition from the military to a civilian career starts with Hire Heroes USA. Register today: https://t.co/pYfDPKfLhE,12/11/2015,534,12,0.02247191,3,0,6,0,2,0,1
https://twitter.com/HireHeroesUSA/status/675351343754801153,"Because of YOU, Ahmad Burse received a gift of employment. See his story here https://t.co/fzGtYQ1sga #giveback now https://t.co/hGJ2yxMeow",12/11/2015,753,9,0.011952191,3,0,3,0,2,0,0
https://twitter.com/HireHeroesUSA/status/675347364949921792,"Crash that ugly sweater party by looking good, for good. Support Hire Heroes USA with your purchase @menswearhouse AWEARNESS @kennethcole",12/11/2015,584,3,0.005136986,1,0,1,0,0,0,0
https://twitter.com/HireHeroesUSA/status/675132906134728705,ONLY 1 HOUR LEFT to bid on this #BlackOps3 PS4 bundle. Bid now: https://t.co/J2TuVOcKTt https://t.co/E98jR8uHxY,12/11/2015,659,6,0.009104704,0,0,1,0,3,0,0
https://twitter.com/HireHeroesUSA/status/675117884113293312,ONLY 2 HRS LEFT to bid on this #BlackOps3 PS4 bundle. Bid now: https://t.co/6KhVV4cEY7 https://t.co/hR0Z0H6ABg,12/11/2015,656,6,0.009146341,1,0,3,0,1,0,0
https://twitter.com/HireHeroesUSA/status/675072731659051008,Jacob Jackson found his dream job because your donations. Help more by giving this Christmas https://t.co/Fk0pNu7vDS https://t.co/Azrjfhyf8P,12/10/2015,3333,28,0.00840084,9,0,9,0,5,0,0
https://twitter.com/HireHeroesUSA/status/675070269862633472,"USAF TSgt Goulden, SrA Gleason and A1C Raggio (L to R) sing with 4th graders during an annual Holiday Songfest?ˇ#TBT https://t.co/XkFByxUR89",12/10/2015,558,2,0.003584229,0,0,2,0,0,0,0
https://twitter.com/HireHeroesUSA/status/675057533770444801,ONLY 6 HRS LEFT to bid on this #BlackOps3 PS4 bundle. Bid now: https://t.co/l91uFtf41R https://t.co/e8wSyJiTYo,12/10/2015,1578,19,0.012040558,4,0,2,2,2,0,0
https://twitter.com/HireHeroesUSA/status/675028512751919105,"Having trouble identifying employers? List of priorities in your life, then research companies and see where your values align. #TipsForVets",12/10/2015,601,4,0.006655574,2,0,2,0,0,0,0
https://twitter.com/HireHeroesUSA/status/674984446379077632,"When you support Hire Heroes USA, you support hard-working military spouses too. Use CFC# 59856 to make your gift or pledge now thru 12/15.",12/10/2015,772,11,0.014248705,4,0,5,1,0,0,0
https://twitter.com/HireHeroesUSA/status/674982657613242368,Your donation gave Jessica Crum the gift of employment. Help more like Jessica and #giveback https://t.co/Zlj4Eb392j https://t.co/U3okUQknBk,12/10/2015,626,10,0.015974441,2,0,3,1,3,0,0
https://twitter.com/HireHeroesUSA/status/674966919427043328,ONLY 12 HRS LEFT to bid on this #BlackOps3 PS4 bundle. Bid now: https://t.co/pQ5sysQLh0 https://t.co/WMs6pEdtEx,12/10/2015,631,5,0.00792393,1,0,2,0,0,0,0
https://twitter.com/HireHeroesUSA/status/674785659513647104,ONLY 24 HRS LEFT to bid on this #BlackOps3 PS4 bundle. Bid now: https://t.co/nDnh69K9Vz https://t.co/5LwOzXK3dS,12/10/2015,688,11,0.015988372,2,0,2,1,3,0,0
https://twitter.com/HireHeroesUSA/status/674740438746701824,DonÉ??t miss out on this AWESOME #BlackOps3 PS4 bundle! Bid now &amp; help #veterans find jobs: https://t.co/L5uhUVmQyt https://t.co/1k9PEfoelM,12/10/2015,639,7,0.010954617,1,0,3,3,0,0,0
https://twitter.com/HireHeroesUSA/status/674725307178491904,Fill a veteran's stocking with opportunity this Christmas and #giveback. Your donation helps https://t.co/bE3Gak626W https://t.co/Il2Sf0V72B,12/9/2015,1745,19,0.010888252,5,0,6,0,3,0,1
https://twitter.com/HireHeroesUSA/status/674708019171733508,ATTN @eBay shoppers: bid now on our HHUSA #BlackOps3 PS4 bundle. All proceeds go toward helping #vets find jobs: https://t.co/j7aoWgRA4m,12/9/2015,668,8,0.011976048,1,0,4,0,2,1,0
https://twitter.com/HireHeroesUSA/status/674679927350915072,"VetNet is LIVE! Come learn ""10 Tips for a Great Resume."" Join now: https://t.co/PRGEb9pEU0 #webinar",12/9/2015,747,4,0.005354752,2,0,2,0,0,0,0
https://twitter.com/HireHeroesUSA/status/674675007398760448,"Free #webinar - ""10 Tips for a Great Resume"" starts in 20 minutes. Join VetNet live at 3pm EST https://t.co/B0iBu1bZXx",12/9/2015,1064,7,0.006578947,2,0,4,0,0,0,0
https://twitter.com/HireHeroesUSA/status/674666617536671744,Hire Heroes USA thanks partners like @WWECommunity who continue to relentlessly support our mission of empowering veterans to succeed.,12/9/2015,993,9,0.009063444,2,0,5,0,0,0,0
https://twitter.com/HireHeroesUSA/status/674623450087096320,"Help veterans find work. Bid now on our #BlackOps3 PS4 bundle, the perfect holiday gift for the gamer in your life. https://t.co/hquI9kGkTH",12/9/2015,651,5,0.007680492,2,0,2,0,1,0,0
https://twitter.com/HireHeroesUSA/status/674608189380370432,You gave Tom Sivak the gift of employment! #giveback to help more like Tom this Christmas. https://t.co/AncnNSoMTK https://t.co/w69pwAYnXs,12/9/2015,559,3,0.005366726,0,0,0,0,1,0,0
https://twitter.com/HireHeroesUSA/status/674600638035152896,"""10 Tips for a Great Resume"" Join us today at 3pm EST for VetNet, our #webinar series for job-seeking #veterans https://t.co/veXXNtbwMT",12/9/2015,737,4,0.005427408,1,0,2,0,0,0,0
https://twitter.com/HireHeroesUSA/status/674597350166290432,@ConnectColorado Thanks for your support!,12/9/2015,34,0,0,0,0,0,0,0,0,0
https://twitter.com/HireHeroesUSA/status/674589315687690240,HURRY! Only 2 days left to bid on our?ˇ#BlackOps3?ˇPS4 bundle w/?ˇ#HHUSA?ˇswag &amp;?ˇ@BrianStann?ˇUFC figurine! Check it out:?ˇhttps://t.co/jfmvqbqtJ6,12/9/2015,680,11,0.016176471,4,0,6,0,1,0,0
https://twitter.com/HireHeroesUSA/status/674428001157783552,DYK:$150 can send a CO #Veteran to 2-day career transition workshop. Donate now #COGivesDay https://t.co/OAuqqB7xJ2 https://t.co/WAeFSZ3xML,12/9/2015,1366,20,0.014641288,6,0,5,3,5,0,0
https://twitter.com/HireHeroesUSA/status/674421960965808132,Say É??ThanksÉ?ù today by giving back!  Donate today for a CO #veterans tomorrow. #COGivesDay https://t.co/zrStghTpGa https://t.co/oPRIT0YbPp,12/9/2015,1287,18,0.013986014,5,1,8,0,1,0,0
https://twitter.com/HireHeroesUSA/status/674411895361810432,Say É??ThanksÉ?ù today by giving back!  Donate today for a CO #veterans tomorrow. #COGivesDay https://t.co/X00I9093oV https://t.co/BnM01usAH0,12/9/2015,606,6,0.00990099,2,0,3,0,0,0,0
https://twitter.com/HireHeroesUSA/status/674411812536848384,.@csgazette @springsgov @CBSDenver @Rockies @951NashColorado @CityofLittleton @COSpringsMayor @kktv11news @KRDONC13 https://t.co/SFDecr85q0,12/9/2015,629,6,0.009538951,2,0,3,0,1,0,0
https://twitter.com/HireHeroesUSA/status/674404095013347328,Only 3 hrs left for #COGivesDay.  Donate now to support CO veteran employment. https://t.co/KAtjKe6kSP https://t.co/K6GC23jCgn,12/9/2015,619,8,0.012924071,2,0,2,0,2,0,0
https://twitter.com/HireHeroesUSA/status/674395034251370496,ICYMI: DONATE NOW! #COGivesDay #HHUSA https://t.co/AODS04m8t4 https://t.co/Sojx1TNyaS,12/9/2015,568,7,0.012323944,2,0,2,1,1,0,0
https://twitter.com/HireHeroesUSA/status/674383206024650753,1 unemployed CO?ˇ#veteran?ˇis too many. ?ˇHelp them by supporting?ˇ#HHUSA?ˇon?ˇ#COGivesDay?ˇDonate?ˇhttps://t.co/WMH8KucBNb https://t.co/RYAHlefjt6,12/9/2015,576,7,0.012152778,2,0,2,0,2,0,0
https://twitter.com/HireHeroesUSA/status/674376663392755712,Your donation makes a difference..see how #COGivesDAy https://t.co/PdTG3wQkmv https://t.co/kJDXyl2hGX,12/8/2015,518,6,0.011583012,2,0,2,0,1,0,0
https://twitter.com/HireHeroesUSA/status/674362867219582976,It's not too late to donate. Do your part to help end veteran unemployment #COGivesDay https://t.co/2xfARHgGGs https://t.co/EdHFfnKcHC,12/8/2015,565,7,0.012389381,3,0,3,0,1,0,0
https://twitter.com/HireHeroesUSA/status/674356290077007875,We need your support!  Only 6.5 hours left to donate on #COGivesDay https://t.co/wYdKirXBKX #HHUSA https://t.co/lKF94XcY4o,12/8/2015,514,7,0.013618677,2,0,2,1,0,0,0
https://twitter.com/HireHeroesUSA/status/674353259306491904,Read how your donations have helped... https://t.co/pxs8Rdme1U #giveback by donating today https://t.co/xx5Z9d6I6F https://t.co/Mz44jsL6MF,12/8/2015,695,12,0.017266187,6,0,4,1,0,0,0
https://twitter.com/HireHeroesUSA/status/674345968444284928,Our team of Veteran Transition Specialists is your guide to navigating the civilian job market. Register today: https://t.co/urrjw4OLUZ,12/8/2015,778,20,0.025706941,8,0,5,2,3,0,0
https://twitter.com/HireHeroesUSA/status/674335140592656389,#COGivesDay #HHUSA https://t.co/mDAsnaqVqM https://t.co/gXneBLrQaj,12/8/2015,1004,9,0.008964143,3,0,3,3,0,0,0
https://twitter.com/HireHeroesUSA/status/674332686048174084,VetNet is back TOMORROW with 10 Tips for a Great Resume. Join our free #webinar tomorrow at 3pm EST https://t.co/xFuMCvrPWK,12/8/2015,438,3,0.006849315,1,0,2,0,0,0,0
https://twitter.com/HireHeroesUSA/status/674328851950997505,DONATE NOW! #COGivesDay #HHUSA https://t.co/5qMIJyyIvj https://t.co/pYrnfqowvw,12/8/2015,961,7,0.007284079,4,0,3,0,0,0,0
https://twitter.com/HireHeroesUSA/status/674326780761755649,THANK YOU to those who have donated so far. You are truly changing lives. #CoGivesDay https://t.co/04kuNrIepD https://t.co/zgpNtsdslw,12/8/2015,761,14,0.018396846,4,1,5,0,2,1,0
https://twitter.com/HireHeroesUSA/status/674322053466595329,Help THANK and HONOR CO #Veterans by donating to their future.  #COGivesDay #HHUSA https://t.co/nTif8aoTCa https://t.co/Ue3R2q08hW,12/8/2015,522,5,0.009578544,2,0,3,0,0,0,0
https://twitter.com/HireHeroesUSA/status/674309988668604416,"Bid on this Call of Duty: Black Ops III PS4 bundle, now through December 10, 10pm EST. https://t.co/cN7OoEqorO https://t.co/vpDaLo6S0V",12/8/2015,929,6,0.006458558,1,0,2,0,3,0,0
https://twitter.com/HireHeroesUSA/status/674305420337553408,DonÉ??t just tell a #Veteran thank you..SHOW them! Donate now #COGivesDay #HHUSA https://t.co/XW8vbsXsrI https://t.co/3JGAVHMnMV,12/8/2015,547,7,0.012797075,2,0,4,0,0,0,0
https://twitter.com/HireHeroesUSA/status/674296406140694534,Help CO #Veterans &amp; their spouses find employment. Support #HHUSA by donating #COGivesDay https://t.co/zZH6Gk594D https://t.co/nFFeflHbF2,12/8/2015,503,10,0.019880716,1,0,4,0,0,1,1
https://twitter.com/HireHeroesUSA/status/674289842155573248,"Every day is #COGivesDay to us! Your gift matters, donate now #HHUSA https://t.co/UnbznHQruE https://t.co/MsuvsxYVvW",12/8/2015,375,2,0.005333333,0,0,1,0,0,0,0
https://twitter.com/HireHeroesUSA/status/674284809661849600,Our services are FREE for Veterans! Help keep it that way by donating now #COGivesDay https://t.co/yH0x46wiEM https://t.co/Zx7HWTkCMX,12/8/2015,1905,23,0.012073491,6,0,5,3,2,1,0
https://twitter.com/HireHeroesUSA/status/674275498885816320,$10 pays for a veteran's individual career counseling. Make a difference #COGivesDay https://t.co/xlsO9ZiXLK https://t.co/2GSI5LzSWn,12/8/2015,616,8,0.012987013,3,0,2,0,0,0,0
https://twitter.com/HireHeroesUSA/status/674266688863535104,What if we all gave on one day? We can! Be a part of a statewide movement #COGivesDay https://t.co/GWEfH6FCdL https://t.co/306Tpombx9,12/8/2015,469,10,0.021321962,2,0,3,1,0,0,0
https://twitter.com/HireHeroesUSA/status/674257202866180096,HavenÉ??t had a chance to donate during #COGivesDay? DonÉ??t worry you still have 13 hours. https://t.co/vOdjJwgZqo https://t.co/hUga6jTdqU,12/8/2015,540,8,0.014814815,4,0,4,0,0,0,0
https://twitter.com/HireHeroesUSA/status/674253715847692288,ItÉ??s here! #COGivesDay is today &amp; NOW is the time to make your donation! #HHUSA https://t.co/BXnA3gBWZR https://t.co/YNyEaaVQSP,12/8/2015,714,9,0.012605042,5,0,2,0,0,0,0
https://twitter.com/HireHeroesUSA/status/674246559169683456,Give a veteran the gift of opportunity this Christmas. #giveback by donating today https://t.co/HFw6z5Odfu https://t.co/WKYReZ6F8J,12/8/2015,1254,10,0.007974482,4,0,4,0,1,0,0
https://twitter.com/HireHeroesUSA/status/674242539306786816,Make an impact on transitioning CO service members. #COGivesDay is NOW. Every dollar helps https://t.co/3G0IdZlvuS https://t.co/veAzWq51VI,12/8/2015,421,5,0.011876485,1,0,2,0,0,0,0
https://twitter.com/HireHeroesUSA/status/674235230195200000,"1 Million service members will transition in the next 4yrs, many of them from CO. Donate to help #COGivesDay https://t.co/YdOieGJGEe",12/8/2015,569,8,0.014059754,4,0,4,0,0,0,0
https://twitter.com/HireHeroesUSA/status/674230704704720896,Thanks for supporting #HHUSA during #COGivesDay. Make your donation now https://t.co/tQyqbfwWZW https://t.co/bWvn61NYq6,12/8/2015,491,9,0.018329939,4,0,5,0,0,0,0
https://twitter.com/HireHeroesUSA/status/674223150922616832,#HHUSA?ˇhelped 600+ CO veterans w/ career services &amp; finding local employment in 2015. Help serve more?ˇ#COGivesDay?ˇhttps://t.co/N9lBwTu0zi,12/8/2015,428,10,0.023364486,5,0,2,0,3,0,0
https://twitter.com/HireHeroesUSA/status/674215607890497536,DYK: A $5 donation pays for a veteranÉ??s career assessment. Donate now! #COGivesDay https://t.co/t3M1Cm86iq https://t.co/IJ14BT3Zwl,12/8/2015,496,11,0.022177419,2,0,6,0,2,0,0
https://twitter.com/HireHeroesUSA/status/674211890541776896,Good Morning Colorado! Donate now &amp; help us raise money for veteran employment #COGivesDay https://t.co/Rt68Ts0HAR https://t.co/Qe2ecuqCiG,12/8/2015,443,7,0.015801354,1,0,4,0,2,0,0
https://twitter.com/HireHeroesUSA/status/674053288589946880,Our PS4 bundle includes autographed @BrianStann UFC action figure and trading card. Bid now: https://t.co/LjHrhjgHYF https://t.co/stdrYBl0p2,12/8/2015,506,9,0.017786561,2,0,4,1,1,0,0
https://twitter.com/HireHeroesUSA/status/674030638748540928,Veteran Transition Specialist Laura Talbot is LIVE on Army Wife Talk Radio. Tune in now: https://t.co/zc17HaXwAQ,12/8/2015,462,3,0.006493506,1,0,1,0,1,0,0
https://twitter.com/HireHeroesUSA/status/674016285441806336,"Help us help veterans in 2016! Make a pledge to Hire Heroes USA through the Combined Federal Campaign now through 12/15, using CFC# 59856.",12/8/2015,469,2,0.004264392,1,0,1,0,0,0,0
https://twitter.com/HireHeroesUSA/status/673985250054246402,Rehearse your Value Proposition and practice interviewing skills regularly. It never hurts to be prepared. #TipsForVets,12/7/2015,378,5,0.013227513,1,0,2,0,0,2,0
https://twitter.com/HireHeroesUSA/status/673970379925364736,Our PS4 auction also includes #HHUSA gear &amp; autographed @BrianStann UFC figurine. Bid now: https://t.co/tHYWArSDZg https://t.co/UrCFlmMFJ0,12/7/2015,452,6,0.013274336,2,0,2,0,2,0,0
https://twitter.com/HireHeroesUSA/status/673951720993595393,"Don't miss our own Veteran Transition Specialist Laura Talbot LIVE tonight on Army Wife Talk Radio, 8pm ET #armywife https://t.co/htTNbxbk1k",12/7/2015,512,3,0.005859375,1,0,0,0,0,0,1
https://twitter.com/HireHeroesUSA/status/673944011418296320,Helping veteranÉ??s costs money. Help us support them through your next purchase @menswearhouse under the AWEARNESS @kennethcole label,12/7/2015,477,5,0.01048218,3,0,1,0,0,0,0
https://twitter.com/HireHeroesUSA/status/673925205048303616,"Today, we remember ""a date which will live in infamy."" We honor the lives lost &amp; salute those who continue to serve. https://t.co/Js1tAUjei4",12/7/2015,468,9,0.019230769,2,0,2,0,1,0,0
https://twitter.com/HireHeroesUSA/status/673911572708872192,.@Activision and @CODE4Vets donated a BRAND NEW #BlackOps3 PS4 bundle to auction. Bid now: https://t.co/txQTJDsuRv https://t.co/iPAdY0pKtP,12/7/2015,474,3,0.006329114,0,0,2,0,1,0,0
https://twitter.com/HireHeroesUSA/status/673899918050856961,"#TDIH In 1941, the Japanese launch an early morning attack on Pearl Harbor, HI, which led to the United States' involvement in WWII.",12/7/2015,474,5,0.010548523,3,0,2,0,0,0,0
https://twitter.com/HireHeroesUSA/status/673895120652148736,This is how you can make a difference this Christmas! Donate now for their future https://t.co/mnMZq1YoIQ #giveback https://t.co/1V5nLKJAv8,12/7/2015,1119,14,0.012511171,7,0,4,0,0,0,0
https://twitter.com/HireHeroesUSA/status/673879876215160833,"Bid on this Call of Duty: Black Ops III PS4 bundle, now through December 10, 10pm EST. https://t.co/cgwm2cLMJN https://t.co/j93XfPVqGi",12/7/2015,451,12,0.026607539,3,0,3,0,3,0,0
https://twitter.com/HireHeroesUSA/status/673870931073359872,Be sure to tune in tonight at 8pm ET. https://t.co/0J8U2rHEip https://t.co/7ogQyrNb8j,12/7/2015,488,8,0.016393443,3,0,3,0,2,0,0
https://twitter.com/HireHeroesUSA/status/673668298001747968,Our PS4 bundle includes autographed @BrianStann UFC action figure and trading card. Bid now: https://t.co/Gx7Klu3dbg https://t.co/ai1mpzBgLS,12/7/2015,529,6,0.011342155,2,0,3,0,1,0,0
https://twitter.com/HireHeroesUSA/status/673653161593339905,Our PS4 auction also includes #HHUSA gear &amp; autographed @BrianStann UFC figurine. Bid now: https://t.co/d7LAM5qmRL https://t.co/tT214KkzU7,12/7/2015,460,9,0.019565217,1,0,3,1,2,0,0
https://twitter.com/HireHeroesUSA/status/673620517547614208,Your gift?ˇturns obstacles into opportunities for #veterans &amp; their spouses. #giveback today https://t.co/3lCqjbFoBr https://t.co/gPi8B1BWP6,12/6/2015,1464,18,0.012295082,7,0,5,2,0,0,0
https://twitter.com/HireHeroesUSA/status/673578896017784832,"Bid on this Call of Duty: Black Ops III PS4 bundle, now through December 10, 10pm EST. https://t.co/GQUWvSQIwV https://t.co/p3Fv79lesc",12/6/2015,503,10,0.019880716,4,0,2,0,2,0,0
https://twitter.com/HireHeroesUSA/status/673534322834542592,Your gift empowers &amp;?ˇstrengthens #veterans families.?ˇYour gift makes a difference! Give the gift of employemnt https://t.co/PTQraI2088,12/6/2015,728,13,0.017857143,5,0,6,2,0,0,0
https://twitter.com/HireHeroesUSA/status/673494610509975553,.@Activision and @CODE4Vets donated a BRAND NEW #BlackOps3 PS4 bundle to auction. Bid now: https://t.co/c1Tb3UMZIU https://t.co/6blPwO6lGB,12/6/2015,567,5,0.008818342,2,0,3,0,0,0,0
https://twitter.com/HireHeroesUSA/status/673275702968455168,"Bid on this Call of Duty: Black Ops III PS4 bundle, now through December 10, 10pm EST. https://t.co/eM1zdN4iGc https://t.co/1PGNkrBo2j",12/5/2015,628,6,0.00955414,2,0,3,0,1,0,0
https://twitter.com/HireHeroesUSA/status/673257385046208512,"Hire Heroes USA is proud to partner with @7eleven to empower military members, veterans and spouses to succeed in the civilian workforce.",12/5/2015,523,17,0.03250478,2,0,2,4,0,0,0
https://twitter.com/HireHeroesUSA/status/673234180931756032,.@Activision and @CODE4Vets donated a BRAND NEW #BlackOps3 PS4 bundle to auction. Bid now: https://t.co/I0SUpE1v58 https://t.co/J5ywoVHpj7,12/5/2015,540,8,0.014814815,1,0,3,0,2,0,0
https://twitter.com/HireHeroesUSA/status/673216593091018752,Your donations have helped over 3000 veterans &amp; spouses find employment in 2015. #give back to help more https://t.co/ngyEBPDTQA,12/5/2015,660,7,0.010606061,2,0,5,0,0,0,0
https://twitter.com/HireHeroesUSA/status/673207774814347264,Our PS4 bundle includes autographed @BrianStann UFC action figure and trading card. Bid now: https://t.co/TbY79o4lKy https://t.co/y0mEEDFdt6,12/5/2015,533,8,0.015009381,2,0,3,0,1,0,0
https://twitter.com/HireHeroesUSA/status/673184376713293824,Now is your chance to change lives by supporting Hire Heroes USA this christmas. Your gift matters #giveback! https://t.co/tmJtQMvVz6,12/5/2015,458,3,0.006550218,0,0,1,0,1,0,0
https://twitter.com/HireHeroesUSA/status/673170896924839936,DYK: Spouses of veterans and active duty military also qualify for our FREE career coaching services? Register now: https://t.co/x4DzH5BJvL,12/5/2015,633,9,0.014218009,3,0,5,0,1,0,0
https://twitter.com/HireHeroesUSA/status/673147333975101440,"Bid on this Call of Duty: Black Ops III PS4 bundle, now through December 10, 10pm EST. https://t.co/anRadGKOZX https://t.co/4Juyguq2Pj",12/5/2015,10135,125,0.012333498,3,0,9,3,34,0,0
https://twitter.com/HireHeroesUSA/status/672981260034273280,Our PS4 bundle includes autographed @BrianStann UFC action figure and trading card. Bid now: https://t.co/FE7qVHYgfs https://t.co/I5T86q5V7f,12/5/2015,887,11,0.012401353,4,0,4,0,2,0,0
https://twitter.com/HireHeroesUSA/status/672928384461185025,"Bid on this Call of Duty: Black Ops III PS4 bundle, now through December 10, 10pm EST. https://t.co/GR1yCK4pjZ https://t.co/1PjVhdDozd",12/5/2015,518,3,0.005791506,0,0,0,0,0,0,0
https://twitter.com/HireHeroesUSA/status/672896965533966336,OOHRAA! Hire Heroes USA will be at MCB Pendleton on Dec 8th-9th for a transition workshop. Sign up here https://t.co/G99K0juPGV,12/4/2015,1004,8,0.007968127,5,0,1,1,0,0,1
https://twitter.com/HireHeroesUSA/status/672885927304372224,Follow Me! Hire Heroes USA is at Fort Benning Dec 8th-9th for a transition workshop. Sign up here https://t.co/LO5Orucfxn,12/4/2015,699,5,0.007153076,4,0,1,0,0,0,0
https://twitter.com/HireHeroesUSA/status/672874040349081601,Fill a?ˇ#veterans?ˇstocking with the gift of employment.?ˇ#giveback?ˇtoday?ˇhttps://t.co/mMT4nod8kX https://t.co/KPehkhRX17,12/4/2015,669,8,0.011958146,4,0,2,0,1,0,0
https://twitter.com/HireHeroesUSA/status/672872032925650944,Keep your toes warm and stylish this winter. Check out @Sockwork1: https://t.co/npetloJNtV https://t.co/3cleknWbJT,12/4/2015,691,6,0.008683068,3,0,2,1,0,0,0
https://twitter.com/HireHeroesUSA/status/672864342006714368,.@Activision and @CODE4Vets donated a BRAND NEW #BlackOps3 PS4 bundle to auction. Bid now: https://t.co/Y2C7KsBD4b https://t.co/dTg4P8kB5M,12/4/2015,512,7,0.013671875,0,0,2,1,3,0,0
https://twitter.com/HireHeroesUSA/status/672864341654429697,Our PS4 auction also includes #HHUSA gear &amp; autographed @BrianStann UFC figurine. Bid now: https://t.co/KLPIXG2v9O https://t.co/rgi6WYl7vo,12/4/2015,467,5,0.010706638,0,0,2,2,0,0,0
https://twitter.com/HireHeroesUSA/status/672857317302534144,A CFC pledge of only $5/pay period will impact over a dozen veterans in 2016. Make your pledge today using CFC# 59856.,12/4/2015,438,2,0.00456621,1,0,0,0,0,0,0
https://twitter.com/HireHeroesUSA/status/672842341527519232,"Transitioning in Tampa? Hire Heroes USA will be in Tampa, FL Dec 8th-9th hosting a transition workshop. Sign up https://t.co/x8d5cRucY3",12/4/2015,493,2,0.004056795,2,0,0,0,0,0,0
https://twitter.com/HireHeroesUSA/status/672814017388367872,".@NerdDrifter Get connected with one of our Transition Specialists, they'll be happy to help! https://t.co/eDaPhVfw0T",12/4/2015,677,11,0.016248154,1,0,2,2,3,0,0
https://twitter.com/HireHeroesUSA/status/672810454088081409,Looking to upgrade your tie collection? Purchase a tie from @menswearhouse under the @kennethcole AWEARNESS label &amp; support Hire Heroes USA,12/4/2015,470,6,0.012765957,2,0,3,0,0,0,0
https://twitter.com/HireHeroesUSA/status/672780461463224320,"Services are free for transitioning military,?ˇ#veteran?ˇor spouses because of donations like yours.?ˇ#giveback?ˇtoday?ˇhttps://t.co/ezjs3LBGWG",12/4/2015,794,12,0.01511335,4,0,7,1,0,0,0
https://twitter.com/HireHeroesUSA/status/672611375055806464,.@Activision and @CODE4Vets donated a BRAND NEW #BlackOps3 PS4 bundle to auction. Bid now: https://t.co/4sXqzXtRb1 https://t.co/W0TJKxwVTF,12/4/2015,3153,63,0.019980971,5,1,6,6,23,0,1
https://twitter.com/HireHeroesUSA/status/672558682442440704,Our PS4 bundle includes autographed @BrianStann UFC action figure and trading card. Bid now: https://t.co/tElRqVpdpU https://t.co/Pw6DdcJ6Nd,12/3/2015,622,7,0.011254019,2,0,4,0,1,0,0
https://twitter.com/HireHeroesUSA/status/672536608281919488,Give the gift of employment this Christmas &amp; give back to?ˇ#veterans?ˇ&amp; their spouses by donating to Hire Heroes USA?ˇhttps://t.co/v9xoGlcdbX,12/3/2015,1023,14,0.013685239,3,0,6,3,1,0,1
https://twitter.com/HireHeroesUSA/status/672495284006600704,"1 yr ago: U.S. soldiers move from behind an old tank during an exercise at Hohenfels Training Area, Germany?ˇ#TBT https://t.co/KOrSnifpaw",12/3/2015,654,9,0.013761468,1,0,4,0,0,0,0
https://twitter.com/HireHeroesUSA/status/672468002776961025,"Bid on this Call of Duty: Black Ops III PS4 bundle, now through December 10, 10pm EST. https://t.co/OKCdWBMoGo https://t.co/M9tvbs6R2v",12/3/2015,570,7,0.012280702,2,0,3,0,1,0,0
https://twitter.com/HireHeroesUSA/status/672448282807898113,Keep a professional and short voicemail greeting for potential employers. #TipsForVets,12/3/2015,477,4,0.008385744,1,0,3,0,0,0,0
https://twitter.com/HireHeroesUSA/status/672431157724729344,We need you to help put #veterans back to work. Give them the gift of employment this holiday season by giving back https://t.co/Sgy6SsKcCo,12/3/2015,703,10,0.014224751,6,0,3,1,0,0,0
https://twitter.com/HireHeroesUSA/status/672245132201205761,"Bid on this Call of Duty: Black Ops III PS4 bundle, now through December 10, 10pm EST. https://t.co/39caKTW7Li https://t.co/2HMhtjOPZv",12/3/2015,688,14,0.020348837,3,0,5,1,3,0,0
https://twitter.com/HireHeroesUSA/status/672226274752995330,Our PS4 auction also includes #HHUSA gear &amp; autographed @BrianStann UFC figurine. Bid now: https://t.co/UiGN2teqiq https://t.co/rZTEV361D6,12/3/2015,623,14,0.02247191,3,0,3,1,7,0,0
https://twitter.com/HireHeroesUSA/status/672172660340715520,Follow Me! Hire Heroes USA is at Fort Benning Dec 8th-9th for a transition workshop. Sign up here https://t.co/XztmghS4le,12/2/2015,678,7,0.010324484,5,0,1,1,0,0,0
https://twitter.com/HireHeroesUSA/status/672139422293471234,"More than 570K unemployed &amp; 50K homeless #veterans were reported in 2014. Help them get employed, #giveback today https://t.co/S1y79QOYAh",12/2/2015,1032,14,0.013565891,8,0,6,0,0,0,0
https://twitter.com/HireHeroesUSA/status/672131663950925825,Fed. employees: Have you made your CFC pledge yet? Consider supporting Hire Heroes USA in 2016 with your gift or pledge using CFC# 59856.,12/2/2015,595,5,0.008403361,2,0,3,0,0,0,0
https://twitter.com/HireHeroesUSA/status/672108994392117248,Team Hire Heroes USA listening to our Chief Program Officer's year in review during Annual Training. #empowervets https://t.co/TwbddAfxOq,12/2/2015,529,10,0.018903592,1,0,2,0,0,0,0
https://twitter.com/HireHeroesUSA/status/672105764350242817,.@Activision and @CODE4Vets donated a BRAND NEW #BlackOps3 PS4 bundle to auction. Bid now: https://t.co/5qAySxYKwQ https://t.co/oA7IG7h0fY,12/2/2015,908,19,0.02092511,7,0,5,3,3,0,0
https://twitter.com/HireHeroesUSA/status/672095343325089792,@devildoc0802 send an email to vets@hireheroesusa.org for vet employment support. Good luck!,12/2/2015,39,2,0.051282051,0,1,0,0,0,0,0
https://twitter.com/HireHeroesUSA/status/672086526252175360,OOHRAA! Hire Heroes USA will be at MCB Pendleton on Dec 8th-9th for a transition workshop. Sign up here https://t.co/mFS0VgQ9aR,12/2/2015,522,3,0.005747126,1,0,2,0,0,0,0
https://twitter.com/HireHeroesUSA/status/672073543925030912,"#veteran?ˇunemployment is the problem, but YOU are the solution! Give the gift of emolyment, donate today?ˇhttps://t.co/kuP07lVpT2 #giveback",12/2/2015,588,12,0.020408163,3,0,5,0,1,0,0
https://twitter.com/HireHeroesUSA/status/671907921618448384,Your donation is key to a?ˇ#veterans?ˇsuccess?ˇ#giveback?ˇon?ˇ#GivingTuesday?ˇ&amp; make a difference?ˇhttps://t.co/SBbvlhUjWr https://t.co/jf3o0mzLqk,12/2/2015,581,2,0.003442341,0,0,0,0,1,0,0
https://twitter.com/HireHeroesUSA/status/671892819871707136,"Bid on this Call of Duty: Black Ops III PS4 bundle, now through December 10, 10pm EST. https://t.co/O96EGKcwDV https://t.co/blO3WvW0ZG",12/2/2015,11528,137,0.011884108,8,0,9,6,28,0,0
https://twitter.com/HireHeroesUSA/status/671892818948972544,Made a difference today? Make one now and support a?ˇ#veteran.?ˇ#giveback?ˇon?ˇ#GivingTuesday?ˇhttps://t.co/NECx6SDrxq https://t.co/p8dLgjgrvV,12/2/2015,1457,6,0.004118051,2,0,2,0,0,0,0
https://twitter.com/HireHeroesUSA/status/671886836051091456,Make a difference in a?ˇ#veterans?ˇlife. Donate to their future on?ˇ#GivingTuesday?ˇ#giveback?ˇhttps://t.co/ohhdb6yUGV https://t.co/o2ti6mk62r,12/2/2015,1585,8,0.005047319,2,0,2,0,0,0,0
https://twitter.com/HireHeroesUSA/status/671868718926966784,"""I'm thankful for the help of Hire Heroes USA"" Your donations make an impact #GivingTuesday?ˇhttps://t.co/Tw4v4orMef https://t.co/lO8KpcQRmM",12/2/2015,544,0,0,0,0,0,0,0,0,0
https://twitter.com/HireHeroesUSA/status/671864333001998336,"Show your commitment to?ˇ#Veterans?ˇand?ˇ#giveback?ˇon?ˇ#GivingTuesday?ˇ
https://t.co/qZNC6VdZzk https://t.co/qHY6zWYQB8",12/2/2015,974,3,0.003080082,1,0,0,0,0,0,0
https://twitter.com/HireHeroesUSA/status/671864322784632832,Finding employment as a military spouse can be a challenge. Hire Heroes USA helps spouses find jobs too. Register:  https://t.co/riLB7eVEID,12/2/2015,488,3,0.006147541,0,0,3,0,0,0,0
https://twitter.com/HireHeroesUSA/status/671864181868597248,This is what your donation will do...https://t.co/NHx2ZvBTxe #giveback #GivingTuesday #HHUSA https://t.co/OHM63o3zg6,12/2/2015,561,5,0.008912656,2,0,2,0,0,0,0
https://twitter.com/HireHeroesUSA/status/671856608595591168,https://t.co/A2T1GtXC98 #giveback #GivingTuesday #HHUSA https://t.co/ILasDO2fFh,12/2/2015,591,8,0.013536379,3,0,1,0,0,0,0
https://twitter.com/HireHeroesUSA/status/671849208366895104,Donations like yours helped?ˇ#veteran?ˇJessica Crum find employment.?ˇ#giveback?ˇ#GivingTuesday?ˇhttps://t.co/AmXlelPZsn https://t.co/Ee84YaIHJD,12/2/2015,513,17,0.033138402,0,0,3,1,3,0,0
https://twitter.com/HireHeroesUSA/status/671848958260609024,Hire Heroes USA is committed to ending?ˇ#veteran?ˇunemployment. Are you??ˇ#GivingTuesday?ˇhttps://t.co/ITb0OR6apo https://t.co/KcCqjuqHdx,12/2/2015,636,8,0.012578616,1,0,1,1,1,0,0
https://twitter.com/HireHeroesUSA/status/671841829189455873,Watch what your donations do... https://t.co/sbwKEUYy2g?ˇDonate?ˇhttps://t.co/WfeHaQHFiR #GivingTuesday https://t.co/By2xoEKuji,12/2/2015,415,5,0.012048193,0,1,1,1,1,0,0
https://twitter.com/HireHeroesUSA/status/671841684209197056,500K unemployed?ˇ#Veterans?ˇis the problem. YOU are the solution #giveback?ˇon?ˇ#GivingTuesday. https://t.co/vN4JmnMUKc https://t.co/OiKacM8n9o,12/2/2015,475,7,0.014736842,2,1,3,0,0,0,0
https://twitter.com/HireHeroesUSA/status/671833825777987585,Donations like yours helped?ˇ#veteran?ˇBryan Lysaght find employment.?ˇ#GivingTuesday?ˇhttps://t.co/ra4S29IgNy https://t.co/U7ySkDbcsc,12/1/2015,623,11,0.017656501,3,0,6,1,0,0,0
https://twitter.com/HireHeroesUSA/status/671826370251636737,Your donation + Hire Heroes USA = employed?ˇ#Veterans.?ˇ#giveback?ˇon?ˇ#GivingTuesday?ˇhttps://t.co/sbhYNPDRGF https://t.co/L0JXmZmG7T,12/1/2015,371,1,0.002695418,0,0,1,0,0,0,0
https://twitter.com/HireHeroesUSA/status/671819991176597504,"Bid on this Call of Duty: Black Ops III PS4 bundle, now through December 10, 10pm EST. https://t.co/4kVsMzWYgL https://t.co/PGYIb0hEqg",12/1/2015,545,11,0.020183486,3,0,4,0,0,0,0
https://twitter.com/HireHeroesUSA/status/671819893898133504,3000+?ˇ#veterans?ˇin 2015 are employed because of YOU. #giveback?ˇon #GivingTuesday to help?ˇhttps://t.co/kg5coHUj5A https://t.co/8P7t9OpMtM,12/1/2015,1355,13,0.009594096,4,0,4,1,0,0,0
https://twitter.com/HireHeroesUSA/status/671808476683894784,"""The team at Hire Heroes USA is phenomenal"". Because of donors like YOU!?ˇ#GivingTuesday?ˇhttps://t.co/F8dLkzEBwN https://t.co/M1wO1HgL0U",12/1/2015,381,1,0.002624672,0,0,1,0,0,0,0
https://twitter.com/HireHeroesUSA/status/671803664974159872,Donations like yours helped?ˇ#veteran?ˇDoug Watjus find employment.?ˇ#giveback?ˇ#GivingTuesday?ˇhttps://t.co/sODUfvwPBM https://t.co/r6E1xPZVdd,12/1/2015,506,9,0.017786561,3,0,3,1,0,0,0
https://twitter.com/HireHeroesUSA/status/671803427341602817,Donate $10 &amp; help a veteran get employed. Best holiday purchase EVER!?ˇhttps://t.co/bV4thLBpIk https://t.co/paAHptczHb,12/1/2015,340,5,0.014705882,2,0,3,0,0,0,0
https://twitter.com/HireHeroesUSA/status/671796301080719360,Every dollar you donate makes a difference. Make one now?ˇhttps://t.co/wAXd8rWqwY #giveback?ˇ#GivingTuesday?ˇ#HHUSA https://t.co/9ADhkkzNXA,12/1/2015,333,1,0.003003003,0,0,0,0,0,0,0
https://twitter.com/HireHeroesUSA/status/671792885910642689,"#GivingTuesday, a global day of giving. Make a?ˇ#veteran?ˇyour priority and?ˇ#giveback. https://t.co/mE8muX7hds https://t.co/ygbGktPnTt",12/1/2015,1198,8,0.006677796,2,0,1,0,0,0,0
https://twitter.com/HireHeroesUSA/status/671788811882491904,Include recent volunteer work on your resume and LinkedIn profile. It will set you apart from other candidates. #TipsForVets,12/1/2015,510,4,0.007843137,2,0,2,0,0,0,0
https://twitter.com/HireHeroesUSA/status/671782864162299904,Donations like yours helped?ˇ#veteran?ˇKevin Almazan find employment #giveback?ˇ#GivingTuesday?ˇhttps://t.co/QjTIm0LJqI https://t.co/soL2t6vNC6,12/1/2015,352,9,0.025568182,2,0,4,1,0,0,0
https://twitter.com/HireHeroesUSA/status/671776800603840513,"Your donation directly supports?ˇ#Veterans. They need your help?ˇ#giveback?ˇon?ˇ#GivingTuesday?ˇ
https://t.co/qa1zX6CQNq https://t.co/6xV9724eJH",12/1/2015,1346,13,0.009658247,2,1,5,0,2,0,0
https://twitter.com/HireHeroesUSA/status/671776272650002432,"Don't just ""like"" &amp; ""retweet"",?ˇ#giveback! Every dollar helps a?ˇ#veteran?ˇhttps://t.co/7naVoh3qpj #GivingTuesday https://t.co/ct7ezDPWBe",12/1/2015,1334,19,0.014242879,3,0,2,0,1,1,0
https://twitter.com/HireHeroesUSA/status/671770401962393600,Tis the season to?ˇ#giveback. Donate to Hire Heroes USA today on?ˇ#GivingTuesday https://t.co/Iy8JfwMtyb https://t.co/QsxeT3cMYU,12/1/2015,2022,11,0.005440158,3,0,3,0,0,0,1
https://twitter.com/HireHeroesUSA/status/671768797657874432,Need a gift idea for Dad this Christmas? Choose the @kennethcole AWEARNESS label @menswearhouse and support Hire Heroes USA,12/1/2015,332,3,0.009036145,1,0,2,0,0,0,0
https://twitter.com/HireHeroesUSA/status/671766387614949376,"What your donations do -&gt;""I went from staying with a friend to traveling the country fully employed"" #GivingTuesday?ˇhttps://t.co/1NLCb20ctR",12/1/2015,451,8,0.017738359,3,0,5,0,0,0,0
https://twitter.com/HireHeroesUSA/status/671762195320057856,Our services are FREE for?ˇ#veterans?ˇbecause of donations from YOU! #giveback #GivingTuesday https://t.co/2pDwqX81pj https://t.co/8B8UCjIug2,12/1/2015,378,7,0.018518519,2,0,3,0,1,0,0
https://twitter.com/HireHeroesUSA/status/671754994660585472,Donations like yours helped?ˇ#veteran?ˇTom Sivak find employment.?ˇ#giveback?ˇ#GivingTuesday?ˇhttps://t.co/ijEDP4tTkq https://t.co/8u97RvO284,12/1/2015,450,15,0.033333333,4,0,6,0,2,0,0
https://twitter.com/HireHeroesUSA/status/671754648546631680,"Bid on this Call of Duty: Black Ops III PS4 bundle, now through December 10, 10pm EST. https://t.co/AW6Osll7Y6 https://t.co/fTjdEc9mdy",12/1/2015,480,41,0.085416667,3,0,2,1,4,0,0
https://twitter.com/HireHeroesUSA/status/671754645505761280,ItÉ??s here! #GivingTuesday?ˇis today &amp; NOW is the time to #giveback to a?ˇ#veteran. Donate now https://t.co/klK9xqGKo6 https://t.co/5rCmgMLMXc,12/1/2015,1519,18,0.011849901,8,0,5,0,1,0,0
https://twitter.com/HireHeroesUSA/status/671737942818299904,"Donations matter! ""Hire Heroes USA gave me an opportunity to accept a job doing what my passion is""#GivingTuesday https://t.co/12qc4pg7pR",12/1/2015,417,4,0.009592326,2,0,2,0,0,0,0
https://twitter.com/HireHeroesUSA/status/671736181135142913,#GivingTuesday  https://t.co/khG2xlPIOQ,12/1/2015,327,2,0.006116208,1,0,1,0,0,0,0
https://twitter.com/HireHeroesUSA/status/671732210807005185,Give the gift of employment this christmas &amp;?ˇ#giveback?ˇto Hire Heroes USA on?ˇ#GivingTuesday?ˇhttps://t.co/2wCmpIbZBO https://t.co/NfdyPUINSp,12/1/2015,335,3,0.008955224,1,0,1,0,1,0,0
https://twitter.com/HireHeroesUSA/status/671731830392037377,What your donations do..https://t.co/mgwNfmoxN8?ˇMake an impact https://t.co/hHAQcV5cL7?ˇ#giveback?ˇ#GivingTuesday https://t.co/kobkxcQ8Df,12/1/2015,575,5,0.008695652,2,0,3,0,0,0,0
https://twitter.com/HireHeroesUSA/status/671726830047612928,"#TDIH In 1955, Rosa Parks is arrested for refusing to give up her bus seat to a white man, prompting the Montgomery Bus Boycott.",12/1/2015,342,2,0.005847953,1,0,1,0,0,0,0
https://twitter.com/HireHeroesUSA/status/671724893466206208,"You can turn obstacles into opportunities for #veterans.?ˇ#giveback?ˇ#GivingTuesday?ˇ#HHUSA
https://t.co/F7PZQsJG9Z https://t.co/mNlmxkaTh1",12/1/2015,421,12,0.028503563,2,0,6,0,1,0,0
https://twitter.com/HireHeroesUSA/status/671709382242140160,https://t.co/f0ro5A1xlx #giveback #GivingTuesday #HHUSA https://t.co/ldJjqilfxY,12/1/2015,321,8,0.024922118,3,0,3,0,2,0,0
https://twitter.com/HireHeroesUSA/status/671708926191247361,"Join the celebration of?ˇ#GivingTuesday!?ˇ#Giveback?ˇto a?ˇ#veteran?ˇin need this holiday season
https://t.co/1Y76Z5ozqL https://t.co/fLFWNc8l1o",12/1/2015,370,10,0.027027027,3,0,5,1,1,0,0
https://twitter.com/HireHeroesUSA/status/671708746956079104,You can make a difference.?ˇ#GivingTuesday?ˇis NOW! Every dollar helps?ˇ#giveback https://t.co/aZlaNpy5pY https://t.co/wTRHxj5oyx,12/1/2015,541,13,0.024029575,4,0,4,1,1,0,0
https://twitter.com/HireHeroesUSA/status/671694170579447808,Happy?ˇ#GivingTuesday! Celebrate by donating to Hire Heroes USA and?ˇ#giveback?ˇto a?ˇ#veteran https://t.co/gTM9Ai9YF8 https://t.co/Oi9DeUpHAG,12/1/2015,1467,20,0.013633265,6,0,5,2,1,0,0
https://twitter.com/HireHeroesUSA/status/671676860464525312,Donations like yours helped?ˇ#veteran?ˇJacob Jackson find employment #GivingTuesday #giveback https://t.co/VpN5HVrA1g https://t.co/FitJz8MPcY,12/1/2015,535,14,0.026168224,4,0,9,0,1,0,0
https://twitter.com/HireHeroesUSA/status/671676463071027200,"Happy?ˇ#GivingTuesday! It doesnÉ??t matter how much you give, or how you give, only that you #giveback.?ˇhttps://t.co/ovfLhsDn4W",12/1/2015,379,6,0.015831135,2,0,2,0,0,0,0
https://twitter.com/HireHeroesUSA/status/671676050556981251,#GivingTuesday?ˇis HERE! #giveback?ˇby donating to Hire Heroes USA and make a difference this holiday season. https://t.co/21J7StfemQ,12/1/2015,376,4,0.010638298,2,0,2,0,0,0,0
